UDI,Product ID,Type,Air temperature [K],Process temperature [K],Rotational speed [rpm],Torque [Nm],Tool wear [min],Machine failure,TWF,HDF,PWF,OSF,RNF
1,M14860,M,298.1,308.6,1551,,0.0,0,0,0,0,0,0
2,L47181,L,298.2,308.7,1408,46.3,3.0,0,0,0,0,0,0
3,L47182,L,298.1,308.5,1498,,5.0,0,0,0,0,0,0
4,L47183,L,298.2,308.6,1433,39.5,,0,0,0,0,0,0
5,L47184,L,298.2,308.7,1408,40.0,9.0,0,0,0,0,0,0
6,M14865,M,298.1,308.6,1425,41.9,,0,0,0,0,0,0
7,L47186,L,298.1,308.6,1558,42.4,,0,0,0,0,0,0
8,L47187,L,298.1,308.6,1527,,16.0,0,0,0,0,0,0
9,M14868,M,298.3,308.7,1667,,18.0,0,0,0,0,0,0
10,M14869,M,298.5,309.0,1741,28.0,,0,0,0,0,0,0
11,H29424,H,298.4,308.9,1782,23.9,24.0,0,0,0,0,0,0
12,H29425,H,298.6,309.1,1423,44.3,29.0,0,0,0,0,0,0
13,M14872,M,298.6,309.1,1339,,34.0,0,0,0,0,0,0
14,M14873,M,298.6,309.2,1742,,,0,0,0,0,0,0
15,L47194,L,298.6,309.2,2035,,,0,0,0,0,0,0
16,L47195,L,298.6,309.2,1542,48.4,,0,0,0,0,0,0
17,M14876,M,298.6,309.2,1311,,44.0,0,0,0,0,0,0
18,M14877,M,298.7,309.2,1410,,,0,0,0,0,0,0
19,H29432,H,298.8,309.2,1306,54.5,50.0,0,0,0,0,0,0
20,M14879,M,298.9,309.3,1632,,,0,0,0,0,0,0
21,H29434,H,298.9,309.3,1375,42.7,58.0,0,0,0,0,0,0
22,L47201,L,298.8,309.3,1450,44.8,63.0,0,0,0,0,0,0
23,M14882,M,298.9,309.3,1581,,,0,0,0,0,0,0
24,L47203,L,299.0,309.4,1758,25.7,68.0,0,0,0,0,0,0
25,M14884,M,299.0,309.4,1561,37.3,70.0,0,0,0,0,0,0
26,L47205,L,299.0,309.5,1861,,73.0,0,0,0,0,0,0
27,L47206,L,299.1,309.5,1512,39.0,,0,0,0,0,0,0
28,H29441,H,299.1,309.4,1811,24.6,77.0,0,0,0,0,0,0
29,L47208,L,299.1,309.4,1439,44.2,82.0,0,0,0,0,0,0
30,L47209,L,299.0,309.4,1693,30.1,,0,0,0,0,0,0
31,M14890,M,299.1,309.5,1339,,86.0,0,0,0,0,0,0
32,L47211,L,299.0,309.4,1798,25.5,89.0,0,0,0,0,0,0
33,L47212,L,299.0,309.4,1419,,91.0,0,0,0,0,0,0
34,L47213,L,298.9,309.3,1665,32.5,93.0,0,0,0,0,0,0
35,M14894,M,298.8,309.1,1559,,,0,0,0,0,0,0
36,M14895,M,298.8,309.2,1452,48.6,,0,0,0,0,0,0
37,M14896,M,298.9,309.2,1581,36.7,101.0,0,0,0,0,0,0
38,L47217,L,298.8,309.1,1439,,,0,0,0,0,0,0
39,H29452,H,298.9,309.2,1379,50.7,106.0,0,0,0,0,0,0
40,L47219,L,298.8,309.1,1350,,111.0,0,0,0,0,0,0
41,L47220,L,298.8,309.1,1362,,113.0,0,0,0,0,0,0
42,L47221,L,298.8,309.1,1368,,115.0,0,0,0,0,0,0
43,M14902,M,298.8,309.1,1368,49.1,,0,0,0,0,0,0
44,H29457,H,298.8,309.2,1372,,120.0,0,0,0,0,0,0
45,M14904,M,298.8,309.1,1472,,125.0,0,0,0,0,0,0
46,L47225,L,298.8,309.1,1489,49.1,128.0,0,0,0,0,0,0
47,M14906,M,298.7,309.0,1843,,130.0,0,0,0,0,0,0
48,L47227,L,298.8,309.1,1418,46.3,,0,0,0,0,0,0
49,H29462,H,298.8,309.2,1425,,,0,0,0,0,0,0
50,M14909,M,298.9,309.2,1412,44.1,140.0,0,0,0,0,0,0
51,L47230,L,298.9,309.1,2861,,,1,0,0,1,0,0
52,L47231,L,298.9,309.1,1383,,145.0,0,0,0,0,0,0
53,H29466,H,298.8,309.0,1497,43.8,147.0,0,0,0,0,0,0
54,L47233,L,298.7,309.0,1565,35.1,,0,0,0,0,0,0
55,L47234,L,298.7,309.0,1691,,154.0,0,0,0,0,0,0
56,L47235,L,298.8,309.1,1512,,156.0,0,0,0,0,0,0
57,L47236,L,298.8,309.1,1477,,158.0,0,0,0,0,0,0
58,L47237,L,298.8,309.1,1513,40.3,160.0,0,0,0,0,0,0
59,M14918,M,298.8,309.0,1661,29.5,162.0,0,0,0,0,0,0
60,L47239,L,298.8,309.1,1378,54.4,165.0,0,0,0,0,0,0
61,L47240,L,298.8,309.1,1393,52.6,167.0,0,0,0,0,0,0
62,M14921,M,298.8,309.0,1592,38.2,,0,0,0,0,0,0
63,L47242,L,298.8,309.0,1829,,,0,0,0,0,0,0
64,M14923,M,298.9,309.0,1812,,,0,0,0,0,0,0
65,L47244,L,299.0,309.1,1523,38.6,177.0,0,0,0,0,0,0
66,L47245,L,299.0,309.1,1394,,179.0,0,0,0,0,0,0
67,M14926,M,298.9,308.9,1679,28.7,,0,0,0,0,0,0
68,H29481,H,298.8,308.9,1466,44.1,184.0,0,0,0,0,0,0
69,L47248,L,298.8,308.9,1527,32.4,,0,0,0,0,0,0
70,L47249,L,298.9,309.0,1410,65.7,,1,0,0,1,1,0
71,M14930,M,298.9,309.0,1924,22.6,193.0,0,0,0,0,0,0
72,L47251,L,298.9,309.1,1452,,196.0,0,0,0,0,0,0
73,L47252,L,298.9,309.1,1369,,198.0,0,0,0,0,0,0
74,L47253,L,299.0,309.1,1592,35.0,,0,0,0,0,0,0
75,L47254,L,298.9,309.0,1601,32.3,,0,0,0,0,0,0
76,L47255,L,298.8,308.9,1379,46.7,204.0,0,0,0,0,0,0
77,L47256,L,298.8,308.9,1461,,,0,0,0,0,0,0
78,L47257,L,298.8,308.9,1455,,208.0,1,1,0,0,0,0
79,L47258,L,298.8,308.9,1398,,0.0,0,0,0,0,0,0
80,L47259,L,298.8,308.9,1402,,,0,0,0,0,0,0
81,H29494,H,298.8,308.8,1445,,4.0,0,0,0,0,0,0
82,L47261,L,298.9,308.9,1450,,9.0,0,0,0,0,0,0
83,L47262,L,298.9,308.9,1453,,11.0,0,0,0,0,0,0
84,L47263,L,299.0,309.0,1469,40.1,13.0,0,0,0,0,0,0
85,L47264,L,298.9,308.9,1422,47.6,15.0,0,0,0,0,0,0
86,M14945,M,299.0,309.0,1804,26.8,17.0,0,0,0,0,0,0
87,H29500,H,299.0,309.0,1436,43.9,20.0,0,0,0,0,0,0
88,L47267,L,299.0,309.0,1544,31.8,25.0,0,0,0,0,0,0
89,M14948,M,299.0,309.0,1419,45.2,27.0,0,0,0,0,0,0
90,M14949,M,298.9,308.9,1487,39.5,30.0,0,0,0,0,0,0
91,L47270,L,298.9,308.9,1753,25.8,33.0,0,0,0,0,0,0
92,L47271,L,298.9,308.9,1830,24.9,,0,0,0,0,0,0
93,M14952,M,298.9,308.9,1727,,,0,0,0,0,0,0
94,L47273,L,299.1,309.0,1450,43.0,,0,0,0,0,0,0
95,L47274,L,299.0,308.9,1622,,,0,0,0,0,0,0
96,M14955,M,299.0,309.0,1351,52.2,44.0,0,0,0,0,0,0
97,M14956,M,299.0,309.0,1575,35.3,47.0,0,0,0,0,0,0
98,M14957,M,298.9,308.9,1750,29.9,50.0,0,0,0,0,0,0
99,L47278,L,298.9,308.8,1529,,53.0,0,0,0,0,0,0
100,L47279,L,298.8,308.8,1523,44.4,55.0,0,0,0,0,0,0
101,L47280,L,298.8,308.9,1852,,57.0,0,0,0,0,0,0
102,L47281,L,298.8,308.8,1991,,59.0,0,0,0,0,0,0
103,L47282,L,298.8,308.8,1555,40.6,61.0,0,0,0,0,0,0
104,M14963,M,298.8,308.8,1441,,63.0,0,0,0,0,0,0
105,L47284,L,298.8,308.7,1450,43.4,,0,0,0,0,0,0
106,L47285,L,298.8,308.7,1591,31.1,68.0,0,0,0,0,0,0
107,L47286,L,298.8,308.7,1445,48.5,,0,0,0,0,0,0
108,M14967,M,298.8,308.8,1497,46.8,,0,0,0,0,0,0
109,H29522,H,298.9,308.8,1621,,75.0,0,0,0,0,0,0
110,L47289,L,298.9,308.7,1572,,,0,0,0,0,0,0
111,L47290,L,298.8,308.6,1872,22.5,82.0,0,0,0,0,0,0
112,H29525,H,298.7,308.6,1499,,,0,0,0,0,0,0
113,M14972,M,298.8,308.7,1498,39.5,,0,0,0,0,0,0
114,M14973,M,298.8,308.6,1486,41.9,92.0,0,0,0,0,0,0
115,L47294,L,298.8,308.6,1680,29.4,95.0,0,0,0,0,0,0
116,L47295,L,298.8,308.6,1431,45.7,,0,0,0,0,0,0
117,L47296,L,298.9,308.7,1564,,99.0,0,0,0,0,0,0
118,L47297,L,298.8,308.6,1599,,,0,0,0,0,0,0
119,M14978,M,298.8,308.6,1707,28.1,103.0,0,0,0,0,0,0
120,L47299,L,298.7,308.5,1467,,106.0,0,0,0,0,0,0
121,L47300,L,298.9,308.7,1433,,108.0,0,0,0,0,0,0
122,L47301,L,298.9,308.7,1558,41.2,110.0,0,0,0,0,0,0
123,L47302,L,299.0,308.8,1310,,112.0,0,0,0,0,0,0
124,L47303,L,298.9,308.7,1546,43.4,114.0,0,0,0,0,0,0
125,L47304,L,298.9,308.7,1727,29.4,,0,0,0,0,0,0
126,L47305,L,298.9,308.6,1560,,118.0,0,0,0,0,0,0
127,L47306,L,299.0,308.6,1329,60.5,120.0,0,0,0,0,0,0
128,L47307,L,298.9,308.6,1413,46.5,,0,0,0,0,0,0
129,L47308,L,299.0,308.6,1587,38.6,124.0,0,0,0,0,0,0
130,L47309,L,298.9,308.5,1559,,,0,0,0,0,0,0
131,L47310,L,298.8,308.4,1473,,128.0,0,0,0,0,0,0
132,L47311,L,298.8,308.4,1737,27.7,130.0,0,0,0,0,0,0
133,M14992,M,298.7,308.4,1441,43.2,,0,0,0,0,0,0
134,M14993,M,298.7,308.4,1430,,135.0,0,0,0,0,0,0
135,L47314,L,298.8,308.4,1369,,,0,0,0,0,0,0
136,M14995,M,298.8,308.5,1711,28.5,140.0,0,0,0,0,0,0
137,H29550,H,298.7,308.5,1420,45.7,,0,0,0,0,0,0
138,L47317,L,298.7,308.6,1297,,148.0,0,0,0,0,0,0
139,H29552,H,298.8,308.6,1449,49.4,150.0,0,0,0,0,0,0
140,L47319,L,298.8,308.6,1268,55.8,155.0,0,0,0,0,0,0
141,L47320,L,298.8,308.6,1511,36.1,,0,0,0,0,0,0
142,L47321,L,298.7,308.5,1544,,,0,0,0,0,0,0
143,M15002,M,298.6,308.4,1778,,,0,0,0,0,0,0
144,H29557,H,298.6,308.4,1407,,,0,0,0,0,0,0
145,M15004,M,298.6,308.4,1391,42.4,169.0,0,0,0,0,0,0
146,L47325,L,298.5,308.4,1513,,,0,0,0,0,0,0
147,H29560,H,298.5,308.4,1612,,174.0,0,0,0,0,0,0
148,L47327,L,298.4,308.4,1515,,,0,0,0,0,0,0
149,M15008,M,298.3,308.3,1379,,,0,0,0,0,0,0
150,L47329,L,298.4,308.3,1473,,184.0,0,0,0,0,0,0
151,L47330,L,298.4,308.3,1422,,186.0,0,0,0,0,0,0
152,M15011,M,298.4,308.2,1463,37.6,188.0,0,0,0,0,0,0
153,M15012,M,298.4,308.2,1584,41.0,,0,0,0,0,0,0
154,L47333,L,298.4,308.2,1850,,194.0,0,0,0,0,0,0
155,L47334,L,298.4,308.2,1528,,,0,0,0,0,0,0
156,H29569,H,298.4,308.2,1987,,,0,0,0,0,0,0
157,M15016,M,298.4,308.1,1495,46.0,203.0,0,0,0,0,0,0
158,H29571,H,298.4,308.2,1478,43.5,206.0,0,0,0,0,0,0
159,M15018,M,298.4,308.2,1499,40.0,,0,0,0,0,0,0
160,L47339,L,298.4,308.2,1471,,,0,0,0,0,0,0
161,L47340,L,298.4,308.2,1282,,216.0,1,0,0,0,1,0
162,L47341,L,298.3,308.1,1412,52.3,,1,0,0,0,1,0
163,L47342,L,298.3,308.1,1586,35.5,,0,0,0,0,0,0
164,M15023,M,298.4,308.2,1468,,,0,0,0,0,0,0
165,M15024,M,298.5,308.3,1440,43.6,5.0,0,0,0,0,0,0
166,L47345,L,298.5,308.4,1733,26.0,8.0,0,0,0,0,0,0
167,H29580,H,298.4,308.2,1612,32.6,10.0,0,0,0,0,0,0
168,H29581,H,298.4,308.3,1458,42.9,,0,0,0,0,0,0
169,L47348,L,298.4,308.3,1433,,20.0,1,0,0,1,0,0
170,L47349,L,298.4,308.3,1318,,,0,0,0,0,0,0
171,M15030,M,298.4,308.2,1610,,24.0,0,0,0,0,0,0
172,L47351,L,298.2,308.1,1462,,27.0,0,0,0,0,0,0
173,M15032,M,298.1,308.0,1924,20.8,29.0,0,0,0,0,0,0
174,M15033,M,298.2,308.0,1591,,32.0,0,0,0,0,0,0
175,L47354,L,298.2,308.1,1306,58.3,35.0,0,0,0,0,0,0
176,L47355,L,298.2,308.1,1382,,37.0,0,0,0,0,0,0
177,L47356,L,298.2,308.1,1618,,39.0,0,0,0,0,0,0
178,L47357,L,298.2,308.2,1988,,41.0,0,0,0,0,0,0
179,L47358,L,298.2,308.2,1436,,,0,0,0,0,0,0
180,L47359,L,298.2,308.3,1304,49.8,,0,0,0,0,0,0
181,L47360,L,298.2,308.3,1475,49.9,,0,0,0,0,0,0
182,H29595,H,298.2,308.3,1824,,49.0,0,0,0,0,0,0
183,M15042,M,298.1,308.2,1342,48.1,54.0,0,0,0,0,0,0
184,L47363,L,298.1,308.2,1485,,,0,0,0,0,0,0
185,L47364,L,298.2,308.2,1667,,59.0,0,0,0,0,0,0
186,L47365,L,298.2,308.2,1446,,,0,0,0,0,0,0
187,L47366,L,298.1,308.3,1301,,,0,0,0,0,0,0
188,L47367,L,298.2,308.4,1379,,,0,0,0,0,0,0
189,L47368,L,298.3,308.5,1606,33.6,67.0,0,0,0,0,0,0
190,M15049,M,298.3,308.4,1539,43.4,69.0,0,0,0,0,0,0
191,L47370,L,298.2,308.4,1477,,72.0,0,0,0,0,0,0
192,L47371,L,298.2,308.4,1666,,,0,0,0,0,0,0
193,H29606,H,298.2,308.4,1398,,,0,0,0,0,0,0
194,H29607,H,298.2,308.4,1678,,81.0,0,0,0,0,0,0
195,M15054,M,298.2,308.5,2678,,,1,0,0,1,0,0
196,L47375,L,298.3,308.5,1453,42.9,89.0,0,0,0,0,0,0
197,H29610,H,298.3,308.6,1432,49.5,91.0,0,0,0,0,0,0
198,M15057,M,298.4,308.6,1527,,96.0,0,0,0,0,0,0
199,L47378,L,298.4,308.7,1588,35.0,99.0,0,0,0,0,0,0
200,L47379,L,298.4,308.6,1433,47.1,101.0,0,0,0,0,0,0
201,L47380,L,298.4,308.6,1609,35.0,,0,0,0,0,0,0
202,L47381,L,298.3,308.5,1575,,105.0,0,0,0,0,0,0
203,M15062,M,298.4,308.5,1636,35.7,107.0,0,0,0,0,0,0
204,L47383,L,298.4,308.5,1490,37.9,110.0,0,0,0,0,0,0
205,L47384,L,298.4,308.5,1741,32.8,,0,0,0,0,0,0
206,M15065,M,298.5,308.6,1344,,,0,0,0,0,0,0
207,L47386,L,298.5,308.7,1609,35.3,117.0,0,0,0,0,0,0
208,M15067,M,298.4,308.7,1421,60.7,119.0,1,0,0,1,0,0
209,L47388,L,298.4,308.6,1591,36.7,,0,0,0,0,0,0
210,L47389,L,298.4,308.6,1477,,124.0,0,0,0,0,0,0
211,L47390,L,298.4,308.7,1523,36.1,,0,0,0,0,0,0
212,L47391,L,298.5,308.7,1575,33.9,,0,0,0,0,0,0
213,H29626,H,298.4,308.7,1344,,130.0,0,0,0,0,0,0
214,L47393,L,298.4,308.7,1386,44.9,135.0,0,0,0,0,0,0
215,M15074,M,298.3,308.6,1589,,,0,0,0,0,0,0
216,L47395,L,298.3,308.6,1548,40.3,,0,0,0,0,0,0
217,L47396,L,298.3,308.6,1499,38.3,,0,0,0,0,0,0
218,L47397,L,298.3,308.5,1664,31.6,144.0,0,0,0,0,0,0
219,L47398,L,298.3,308.6,1447,38.1,146.0,0,0,0,0,0,0
220,M15079,M,298.3,308.5,1434,,,0,0,0,0,0,0
221,L47400,L,298.3,308.5,1416,,151.0,0,0,0,0,0,0
222,H29635,H,298.4,308.5,1827,,,0,0,0,0,0,0
223,L47402,L,298.4,308.6,1304,45.0,158.0,0,0,0,0,0,0
224,L47403,L,298.4,308.6,1569,,160.0,0,0,0,0,0,0
225,L47404,L,298.3,308.6,1584,29.3,162.0,0,0,0,0,0,0
226,L47405,L,298.3,308.5,1362,53.8,164.0,0,0,0,0,0,0
227,L47406,L,298.3,308.4,1329,,166.0,0,0,0,0,0,0
228,L47407,L,298.3,308.5,1539,,,0,0,0,0,0,0
229,M15088,M,298.3,308.5,1629,37.1,170.0,0,0,0,0,0,0
230,L47409,L,298.3,308.5,1538,32.2,173.0,0,0,0,0,0,0
231,L47410,L,298.3,308.6,1570,34.8,,0,0,0,0,0,0
232,L47411,L,298.3,308.4,1408,,177.0,0,0,0,0,0,0
233,L47412,L,298.2,308.4,1424,47.6,179.0,0,0,0,0,0,0
234,L47413,L,298.2,308.4,1512,,181.0,0,0,0,0,0,0
235,L47414,L,298.2,308.4,1478,42.9,183.0,0,0,0,0,0,0
236,M15095,M,298.1,308.3,1680,33.7,185.0,0,0,0,0,0,0
237,L47416,L,298.1,308.3,1495,,188.0,0,0,0,0,0,0
238,M15097,M,298.0,308.1,1552,36.6,190.0,0,0,0,0,0,0
239,L47418,L,297.9,308.1,1393,50.3,193.0,0,0,0,0,0,0
240,L47419,L,298.0,308.2,1611,,195.0,0,0,0,0,0,0
241,M15100,M,298.0,308.1,1339,51.6,197.0,0,0,0,0,0,0
242,L47421,L,298.0,308.1,1777,,200.0,0,0,0,0,0,0
243,L47422,L,298.0,308.2,1348,58.8,202.0,1,0,0,0,1,0
244,L47423,L,298.0,308.2,1442,44.1,204.0,0,0,0,0,0,0
245,M15104,M,298.0,308.2,1395,,206.0,0,0,0,0,0,0
246,M15105,M,297.9,308.1,1627,31.4,209.0,0,0,0,0,0,0
247,L47426,L,297.9,308.1,1585,,,0,0,0,0,0,0
248,L47427,L,298.0,308.2,1469,45.5,214.0,0,0,0,0,0,0
249,L47428,L,298.0,308.3,1362,56.8,216.0,1,0,0,0,1,0
250,L47429,L,298.0,308.3,1405,,218.0,1,0,0,0,1,0
251,L47430,L,298.0,308.3,1662,32.7,0.0,0,0,0,0,0,0
252,M15111,M,298.0,308.2,1466,,2.0,0,0,0,0,0,0
253,L47432,L,298.0,308.2,1620,35.8,5.0,0,0,0,0,0,0
254,L47433,L,298.0,308.2,1357,,7.0,0,0,0,0,0,0
255,L47434,L,298.0,308.2,1514,,9.0,0,0,0,0,0,0
256,L47435,L,298.0,308.2,1489,40.4,11.0,0,0,0,0,0,0
257,L47436,L,298.1,308.3,1331,63.0,,0,0,0,0,0,0
258,L47437,L,298.0,308.0,1615,29.5,15.0,0,0,0,0,0,0
259,L47438,L,298.1,308.2,1482,37.9,17.0,0,0,0,0,0,0
260,M15119,M,298.1,308.2,1420,,19.0,1,0,0,1,0,0
261,M15120,M,298.2,308.3,1522,49.1,22.0,0,0,0,0,0,0
262,L47441,L,298.1,308.2,1654,,25.0,0,0,0,0,0,0
263,M15122,M,298.1,308.2,1736,,,0,0,0,0,0,0
264,M15123,M,298.0,308.1,1587,32.3,,0,0,0,0,0,0
265,L47444,L,298.1,308.2,1390,,33.0,0,0,0,0,0,0
266,L47445,L,298.0,308.1,1454,,35.0,0,0,0,0,0,0
267,H29680,H,298.0,308.1,1440,43.7,37.0,0,0,0,0,0,0
268,L47447,L,297.9,308.0,1954,,42.0,0,0,0,0,0,0
269,H29682,H,297.9,308.0,1800,24.8,44.0,0,0,0,0,0,0
270,L47449,L,298.0,308.0,1524,37.0,49.0,0,0,0,0,0,0
271,H29684,H,298.0,308.0,1520,,,0,0,0,0,0,0
272,M15131,M,298.1,308.1,1452,,,0,0,0,0,0,0
273,L47452,L,298.1,308.1,1484,,59.0,0,0,0,0,0,0
274,L47453,L,298.1,308.0,1426,46.0,61.0,0,0,0,0,0,0
275,L47454,L,298.1,308.0,1652,,63.0,0,0,0,0,0,0
276,L47455,L,298.0,308.0,1401,,65.0,0,0,0,0,0,0
277,M15136,M,298.0,307.9,1750,,67.0,0,0,0,0,0,0
278,H29691,H,298.0,308.0,1479,50.7,70.0,0,0,0,0,0,0
279,M15138,M,298.0,308.0,1620,,75.0,0,0,0,0,0,0
280,L47459,L,298.0,308.1,1819,23.4,,0,0,0,0,0,0
281,M15140,M,298.1,308.1,1456,,80.0,0,0,0,0,0,0
282,L47461,L,298.1,308.0,1626,36.5,83.0,0,0,0,0,0,0
283,M15142,M,298.1,308.1,1390,49.8,85.0,0,0,0,0,0,0
284,L47463,L,298.2,308.2,1469,,,0,0,0,0,0,0
285,L47464,L,298.2,308.3,2051,19.2,90.0,0,0,0,0,0,0
286,L47465,L,298.2,308.3,1568,,92.0,0,0,0,0,0,0
287,L47466,L,298.2,308.3,1589,33.2,,0,0,0,0,0,0
288,L47467,L,298.2,308.3,1805,31.6,96.0,0,0,0,0,0,0
289,H29702,H,298.2,308.4,1385,,,0,0,0,0,0,0
290,L47469,L,298.1,308.4,1436,,,0,0,0,0,0,0
291,L47470,L,298.1,308.4,1438,,105.0,0,0,0,0,0,0
292,L47471,L,298.0,308.3,1473,,107.0,0,0,0,0,0,0
293,L47472,L,298.1,308.4,1335,,109.0,0,0,0,0,0,0
294,H29707,H,298.1,308.5,1392,,,0,0,0,0,0,0
295,M15154,M,298.1,308.5,1372,51.1,,0,0,0,0,0,0
296,M15155,M,298.1,308.6,1716,,,0,0,0,0,0,0
297,L47476,L,298.0,308.5,1395,46.2,,0,0,0,0,0,0
298,L47477,L,298.0,308.5,1713,,,0,0,0,0,0,0
299,H29712,H,297.9,308.5,2129,,126.0,0,0,0,0,0,0
300,M15159,M,297.8,308.3,1567,35.6,131.0,0,0,0,0,0,0
301,L47480,L,297.8,308.4,1622,38.3,134.0,0,0,0,0,0,0
302,L47481,L,297.7,308.4,1740,27.1,136.0,0,0,0,0,0,0
303,H29716,H,297.8,308.4,1512,,,0,0,0,0,0,0
304,M15163,M,297.8,308.4,1479,43.5,143.0,0,0,0,0,0,0
305,L47484,L,297.8,308.4,1737,,146.0,0,0,0,0,0,0
306,L47485,L,297.8,308.4,2129,,,0,0,0,0,0,0
307,L47486,L,297.8,308.4,1374,47.1,150.0,0,0,0,0,0,0
308,M15167,M,297.8,308.4,1579,36.6,152.0,0,0,0,0,0,0
309,L47488,L,297.9,308.5,1305,47.2,155.0,0,0,0,0,0,0
310,M15169,M,297.9,308.5,1449,40.8,157.0,0,0,0,0,0,0
311,H29724,H,298.0,308.6,1526,,,0,0,0,0,0,0
312,M15171,M,298.0,308.6,1453,44.1,165.0,0,0,0,0,0,0
313,L47492,L,297.9,308.6,1468,36.0,,0,0,0,0,0,0
314,L47493,L,298.0,308.6,1313,50.8,170.0,0,0,0,0,0,0
315,M15174,M,297.9,308.5,1300,53.0,172.0,0,0,0,0,0,0
316,L47495,L,297.9,308.4,1646,,,0,0,0,0,0,0
317,L47496,L,297.8,308.4,1714,,177.0,0,0,0,0,0,0
318,L47497,L,297.8,308.4,1685,28.4,179.0,0,0,0,0,0,0
319,L47498,L,297.8,308.4,1512,39.9,,0,0,0,0,0,0
320,L47499,L,297.8,308.4,1612,32.1,183.0,0,0,0,0,0,0
321,H29734,H,297.8,308.4,1550,,185.0,0,0,0,0,0,0
322,L47501,L,297.8,308.4,1518,32.5,,0,0,0,0,0,0
323,L47502,L,297.8,308.5,1448,,,0,0,0,0,0,0
324,L47503,L,297.8,308.5,1561,46.3,,0,0,0,0,0,0
325,M15184,M,297.8,308.5,1488,,196.0,0,0,0,0,0,0
326,L47505,L,297.8,308.5,1699,27.8,199.0,0,0,0,0,0,0
327,L47506,L,297.7,308.5,1501,,201.0,0,0,0,0,0,0
328,L47507,L,297.7,308.5,1373,,,1,0,0,0,1,0
329,H29742,H,297.6,308.4,1703,31.4,,0,0,0,0,0,0
330,H29743,H,297.7,308.5,1720,,,0,0,0,0,0,0
331,M15190,M,297.6,308.4,1398,41.9,215.0,0,0,0,0,0,0
332,M15191,M,297.6,308.4,1391,51.9,,0,0,0,0,0,0
333,M15192,M,297.6,308.3,1538,,0.0,0,0,0,0,0,0
334,L47513,L,297.5,308.2,1647,31.3,,0,0,0,0,0,0
335,M15194,M,297.5,308.1,1469,,,0,0,0,0,0,0
336,L47515,L,297.4,308.1,1749,25.9,8.0,0,0,0,0,0,0
337,M15196,M,297.6,308.2,1995,,10.0,0,0,0,0,0,0
338,L47517,L,297.6,308.3,1742,27.7,,0,0,0,0,0,0
339,L47518,L,297.5,308.2,1563,,,0,0,0,0,0,0
340,M15199,M,297.5,308.2,1713,,,0,0,0,0,0,0
341,L47520,L,297.4,308.1,1474,39.4,,0,0,0,0,0,0
342,M15201,M,297.4,308.2,1530,32.6,,0,0,0,0,0,0
343,L47522,L,297.4,308.2,1471,46.5,25.0,0,0,0,0,0,0
344,L47523,L,297.5,308.3,1388,48.6,,0,0,0,0,0,0
345,M15204,M,297.5,308.2,2448,,,0,0,0,0,0,0
346,L47525,L,297.5,308.3,1585,32.9,32.0,0,0,0,0,0,0
347,M15206,M,297.5,308.3,1459,45.2,34.0,0,0,0,0,0,0
348,L47527,L,297.5,308.3,1544,,37.0,0,0,0,0,0,0
349,L47528,L,297.6,308.3,1617,31.7,,0,0,0,0,0,0
350,L47529,L,297.6,308.3,1595,,41.0,0,0,0,0,0,0
351,H29764,H,297.6,308.3,1400,44.3,43.0,0,0,0,0,0,0
352,M15211,M,297.6,308.4,1611,,48.0,0,0,0,0,0,0
353,M15212,M,297.6,308.4,1507,46.0,51.0,0,0,0,0,0,0
354,H29767,H,297.5,308.3,1674,30.0,,0,0,0,0,0,0
355,L47534,L,297.6,308.3,1658,34.3,59.0,0,0,0,0,0,0
356,L47535,L,297.6,308.3,1623,,61.0,0,0,0,0,0,0
357,M15216,M,297.6,308.4,1398,48.9,63.0,0,0,0,0,0,0
358,L47537,L,297.6,308.4,1517,,,0,0,0,0,0,0
359,M15218,M,297.6,308.3,1467,36.7,68.0,0,0,0,0,0,0
360,M15219,M,297.6,308.3,1567,34.6,,0,0,0,0,0,0
361,M15220,M,297.5,308.3,1521,,74.0,0,0,0,0,0,0
362,L47541,L,297.5,308.3,1596,36.8,77.0,0,0,0,0,0,0
363,H29776,H,297.6,308.3,1640,30.9,79.0,0,0,0,0,0,0
364,L47543,L,297.6,308.3,1438,47.8,,0,0,0,0,0,0
365,L47544,L,297.6,308.4,1407,55.2,86.0,0,0,0,0,0,0
366,L47545,L,297.6,308.4,1353,,88.0,0,0,0,0,0,0
367,M15226,M,297.6,308.5,1552,,90.0,0,0,0,0,0,0
368,M15227,M,297.6,308.4,1569,,,0,0,0,0,0,0
369,L47548,L,297.5,308.4,1489,39.5,,0,0,0,0,0,0
370,H29783,H,297.5,308.4,1587,,,0,0,0,0,0,0
371,M15230,M,297.5,308.3,1622,,103.0,0,0,0,0,0,0
372,L47551,L,297.5,308.4,1604,38.1,106.0,0,0,0,0,0,0
373,M15232,M,297.4,308.3,1405,,108.0,0,0,0,0,0,0
374,L47553,L,297.4,308.3,1412,,,0,0,0,0,0,0
375,L47554,L,297.4,308.3,1431,43.0,113.0,0,0,0,0,0,0
376,L47555,L,297.4,308.2,1533,,115.0,0,0,0,0,0,0
377,M15236,M,297.4,308.2,1401,,117.0,0,0,0,0,0,0
378,M15237,M,297.4,308.2,1424,53.9,120.0,0,0,0,0,0,0
379,L47558,L,297.3,308.2,1754,,,0,0,0,0,0,0
380,L47559,L,297.3,308.2,1754,26.8,125.0,0,0,0,0,0,0
381,L47560,L,297.5,308.3,2564,12.8,127.0,1,0,0,1,0,0
382,L47561,L,297.5,308.5,1546,,,0,0,0,0,0,0
383,L47562,L,297.5,308.5,1335,48.0,,0,0,0,0,0,0
384,M15243,M,297.5,308.6,1842,27.0,,0,0,0,0,0,0
385,L47564,L,297.5,308.5,1712,,136.0,0,0,0,0,0,0
386,M15245,M,297.6,308.6,1414,45.4,138.0,0,0,0,0,0,0
387,L47566,L,297.6,308.7,1319,50.9,141.0,0,0,0,0,0,0
388,L47567,L,297.7,308.7,1249,,143.0,0,0,0,0,0,0
389,L47568,L,297.6,308.7,1455,48.2,,0,0,0,0,0,0
390,M15249,M,297.6,308.7,1408,54.8,147.0,0,0,0,0,0,0
391,L47570,L,297.6,308.7,1460,46.7,150.0,0,0,0,0,0,0
392,L47571,L,297.6,308.6,1491,38.1,,0,0,0,0,0,0
393,M15252,M,297.6,308.5,1490,,154.0,0,0,0,0,0,0
394,M15253,M,297.5,308.4,1350,52.2,157.0,0,0,0,0,0,0
395,L47574,L,297.5,308.4,1528,,160.0,0,0,0,0,0,0
396,L47575,L,297.4,308.3,1571,37.7,162.0,0,0,0,0,0,0
397,L47576,L,297.4,308.3,1490,42.6,164.0,0,0,0,0,0,0
398,M15257,M,297.4,308.3,1774,,166.0,0,0,0,0,0,0
399,H29812,H,297.4,308.3,1502,,,0,0,0,0,0,0
400,L47579,L,297.4,308.4,1392,49.7,174.0,0,0,0,0,0,0
401,L47580,L,297.4,308.5,2100,16.9,176.0,0,0,0,0,0,0
402,L47581,L,297.5,308.5,1722,30.4,178.0,0,0,0,0,0,0
403,L47582,L,297.4,308.6,1678,,,0,0,0,0,0,0
404,L47583,L,297.3,308.6,1273,,182.0,0,0,0,0,0,0
405,L47584,L,297.3,308.6,1297,45.9,184.0,0,0,0,0,0,0
406,L47585,L,297.3,308.5,1350,,,0,0,0,0,0,0
407,L47586,L,297.4,308.6,1439,51.9,188.0,0,0,0,0,0,0
408,M15267,M,297.4,308.5,1600,42.1,,0,0,0,0,0,0
409,M15268,M,297.4,308.6,1434,,193.0,0,0,0,0,0,0
410,L47589,L,297.4,308.6,1459,,196.0,0,0,0,0,0,0
411,M15270,M,297.5,308.6,1472,44.9,,0,0,0,0,0,0
412,L47591,L,297.5,308.7,1429,44.3,,0,0,0,0,0,0
413,L47592,L,297.5,308.6,1388,48.2,203.0,0,0,0,0,0,0
414,L47593,L,297.4,308.4,1573,34.5,,0,0,0,0,0,0
415,L47594,L,297.4,308.4,1588,,207.0,0,0,0,0,0,0
416,L47595,L,297.5,308.4,1511,,209.0,0,0,0,0,0,0
417,L47596,L,297.4,308.5,1495,37.8,,0,0,0,0,0,0
418,L47597,L,297.4,308.4,1394,50.1,213.0,0,0,0,0,0,0
419,L47598,L,297.4,308.4,2151,17.7,0.0,0,0,0,0,0,0
420,M15279,M,297.3,308.3,1501,,,0,0,0,0,0,0
421,M15280,M,297.3,308.3,1301,39.6,5.0,0,0,0,0,0,0
422,M15281,M,297.3,308.3,1657,31.1,8.0,0,0,0,0,0,0
423,L47602,L,297.3,308.3,1333,55.2,11.0,0,0,0,0,0,0
424,L47603,L,297.3,308.3,1484,43.9,13.0,0,0,0,0,0,0
425,L47604,L,297.3,308.4,1430,45.7,15.0,0,0,0,0,0,0
426,M15285,M,297.3,308.4,1665,28.9,,0,0,0,0,0,0
427,L47606,L,297.4,308.5,1501,,20.0,0,0,0,0,0,0
428,M15287,M,297.5,308.5,1496,42.2,,0,0,0,0,0,0
429,M15288,M,297.6,308.6,1595,,,0,0,0,0,0,0
430,L47609,L,297.5,308.6,1208,,28.0,0,0,0,0,0,0
431,L47610,L,297.5,308.6,1596,,,0,0,0,0,0,0
432,L47611,L,297.5,308.5,1446,41.9,32.0,0,0,0,0,0,0
433,M15292,M,297.6,308.5,1466,39.7,,0,0,0,0,0,0
434,M15293,M,297.6,308.5,1848,,37.0,0,0,0,0,0,0
435,M15294,M,297.5,308.5,1484,,40.0,0,0,0,0,0,0
436,L47615,L,297.4,308.3,1493,41.2,,0,0,0,0,0,0
437,L47616,L,297.3,308.3,1504,36.3,45.0,0,0,0,0,0,0
438,L47617,L,297.3,308.3,1538,,47.0,0,0,0,0,0,0
439,L47618,L,297.4,308.4,1341,,,0,0,0,0,0,0
440,M15299,M,297.4,308.3,1535,,,0,0,0,0,0,0
441,L47620,L,297.4,308.5,1389,,,0,0,0,0,0,0
442,H29855,H,297.5,308.5,1393,46.6,,0,0,0,0,0,0
443,L47622,L,297.4,308.5,1399,,61.0,1,0,0,1,0,0
444,H29857,H,297.4,308.5,1469,45.1,63.0,0,0,0,0,0,0
445,L47624,L,297.4,308.4,1582,37.2,68.0,0,0,0,0,0,0
446,L47625,L,297.5,308.6,1793,26.7,,0,0,0,0,0,0
447,L47626,L,297.5,308.6,1452,,72.0,0,0,0,0,0,0
448,M15307,M,297.6,308.7,1376,,74.0,0,0,0,0,0,0
449,L47628,L,297.5,308.6,1552,,,0,0,0,0,0,0
450,L47629,L,297.6,308.7,1622,37.9,79.0,0,0,0,0,0,0
451,M15310,M,297.6,308.7,1419,,,0,0,0,0,0,0
452,H29865,H,297.5,308.6,1440,,84.0,0,0,0,0,0,0
453,M15312,M,297.4,308.6,1643,,89.0,0,0,0,0,0,0
454,L47633,L,297.4,308.7,1510,,92.0,0,0,0,0,0,0
455,L47634,L,297.4,308.7,1468,46.6,,0,0,0,0,0,0
456,L47635,L,297.4,308.7,1429,57.4,96.0,0,0,0,0,0,0
457,H29870,H,297.3,308.7,1478,,98.0,0,0,0,0,0,0
458,L47637,L,297.4,308.6,1276,53.6,,0,0,0,0,0,0
459,L47638,L,297.3,308.6,1486,42.6,,0,0,0,0,0,0
460,L47639,L,297.4,308.6,1476,42.3,107.0,0,0,0,0,0,0
461,H29874,H,297.3,308.6,1431,,,0,0,0,0,0,0
462,L47641,L,297.4,308.7,1402,40.2,114.0,0,0,0,0,0,0
463,L47642,L,297.4,308.7,1433,43.4,,0,0,0,0,0,0
464,L47643,L,297.4,308.7,2874,4.2,118.0,1,0,0,1,0,0
465,L47644,L,297.3,308.6,1511,35.7,120.0,0,0,0,0,0,0
466,M15325,M,297.3,308.6,1456,,122.0,0,0,0,0,0,0
467,L47646,L,297.2,308.5,1550,41.5,125.0,0,0,0,0,0,0
468,L47647,L,297.2,308.5,2182,,,0,0,0,0,0,0
469,L47648,L,297.3,308.7,1619,,129.0,0,0,0,0,0,0
470,M15329,M,297.3,308.8,1586,,131.0,0,0,0,0,0,0
471,H29884,H,297.3,308.8,1499,,134.0,0,0,0,0,0,0
472,H29885,H,297.3,308.8,1419,,139.0,0,0,0,0,0,0
473,M15332,M,297.4,309.0,1497,41.8,,0,0,0,0,0,0
474,M15333,M,297.4,309.0,1520,37.0,147.0,0,0,0,0,0,0
475,L47654,L,297.4,309.1,1478,49.8,,0,0,0,0,0,0
476,L47655,L,297.4,309.1,1380,,,0,0,0,0,0,0
477,L47656,L,297.4,309.0,1570,,,0,0,0,0,0,0
478,H29891,H,297.4,309.0,1468,,,0,0,0,0,0,0
479,L47658,L,297.4,309.0,1833,,161.0,0,0,0,0,0,0
480,M15339,M,297.4,308.9,1323,,163.0,0,0,0,0,0,0
481,L47660,L,297.4,309.0,1583,32.0,166.0,0,0,0,0,0,0
482,M15341,M,297.3,309.0,1556,39.5,,0,0,0,0,0,0
483,L47662,L,297.3,309.0,1548,,,0,0,0,0,0,0
484,L47663,L,297.4,309.0,1324,,,0,0,0,0,0,0
485,L47664,L,297.4,309.0,1568,33.7,175.0,0,0,0,0,0,0
486,M15345,M,297.4,309.0,1685,30.7,,0,0,0,0,0,0
487,M15346,M,297.4,309.1,1582,,180.0,0,0,0,0,0,0
488,M15347,M,297.4,309.1,1463,35.0,,0,0,0,0,0,0
489,L47668,L,297.4,309.2,1584,,186.0,0,0,0,0,0,0
490,M15349,M,297.5,309.2,1347,55.8,188.0,0,0,0,0,0,0
491,L47670,L,297.4,309.2,1459,37.9,,0,0,0,0,0,0
492,L47671,L,297.4,309.2,1420,45.6,,0,0,0,0,0,0
493,L47672,L,297.5,309.3,1404,43.5,195.0,0,0,0,0,0,0
494,L47673,L,297.5,309.3,1470,,197.0,0,0,0,0,0,0
495,L47674,L,297.6,309.4,1326,49.8,199.0,0,0,0,0,0,0
496,H29909,H,297.5,309.3,1459,49.7,201.0,0,0,0,0,0,0
497,M15356,M,297.5,309.2,1530,,,0,0,0,0,0,0
498,L47677,L,297.4,309.0,1505,39.2,209.0,0,0,0,0,0,0
499,L47678,L,297.5,309.1,1611,30.2,211.0,0,0,0,0,0,0
500,L47679,L,297.5,309.1,1515,,,0,0,0,0,0,0
501,M15360,M,297.5,309.2,1804,27.4,215.0,0,0,0,0,0,0
502,M15361,M,297.6,309.3,1464,46.2,218.0,0,0,0,0,0,0
503,L47682,L,297.6,309.2,1390,43.3,,0,0,0,0,0,0
504,M15363,M,297.6,309.2,1442,48.1,,0,0,0,0,0,0
505,M15364,M,297.6,309.3,1529,,3.0,0,0,0,0,0,0
506,L47685,L,297.6,309.3,1610,35.0,6.0,0,0,0,0,0,0
507,L47686,L,297.6,309.3,1543,,,0,0,0,0,0,0
508,H29921,H,297.8,309.4,1445,,,0,0,0,0,0,0
509,L47688,L,297.7,309.3,1893,24.6,,0,0,0,0,0,0
510,M15369,M,297.6,309.3,1415,41.3,,0,0,0,0,0,0
511,L47690,L,297.5,309.3,1564,,20.0,0,0,0,0,0,0
512,L47691,L,297.5,309.3,1479,,,0,0,0,0,0,0
513,L47692,L,297.5,309.2,1426,,24.0,0,0,0,0,0,0
514,L47693,L,297.4,309.2,1428,38.8,26.0,0,0,0,0,0,0
515,L47694,L,297.4,309.2,1620,33.2,,0,0,0,0,0,0
516,L47695,L,297.5,309.2,1715,28.0,30.0,0,0,0,0,0,0
517,L47696,L,297.5,309.3,1732,29.9,,0,0,0,0,0,0
518,M15377,M,297.5,309.4,1391,58.2,34.0,0,0,0,0,0,0
519,L47698,L,297.6,309.5,1924,,,0,0,0,0,0,0
520,M15379,M,297.7,309.5,2027,,39.0,0,0,0,0,0,0
521,L47700,L,297.6,309.5,1617,36.2,42.0,0,0,0,0,0,0
522,L47701,L,297.5,309.4,1497,,44.0,0,0,0,0,0,0
523,M15382,M,297.5,309.5,1448,,46.0,0,0,0,0,0,0
524,L47703,L,297.4,309.4,1401,45.9,49.0,0,0,0,0,0,0
525,L47704,L,297.4,309.4,1620,35.4,,0,0,0,0,0,0
526,L47705,L,297.4,309.4,1466,45.5,,0,0,0,0,0,0
527,L47706,L,297.6,309.5,1373,50.6,55.0,0,0,0,0,0,0
528,M15387,M,297.6,309.6,1592,35.8,57.0,0,0,0,0,0,0
529,M15388,M,297.5,309.5,1553,42.4,60.0,0,0,0,0,0,0
530,L47709,L,297.6,309.5,1569,36.2,63.0,0,0,0,0,0,0
531,M15390,M,297.6,309.5,1709,32.2,65.0,0,0,0,0,0,0
532,L47711,L,297.6,309.5,1549,,,0,0,0,0,0,0
533,L47712,L,297.5,309.4,1443,,70.0,0,0,0,0,0,0
534,L47713,L,297.5,309.3,1675,29.8,72.0,0,0,0,0,0,0
535,L47714,L,297.5,309.3,1623,,74.0,0,0,0,0,0,0
536,H29949,H,297.4,309.3,1365,,76.0,0,0,0,0,0,0
537,L47716,L,297.4,309.3,1759,,81.0,0,0,0,0,0,0
538,H29951,H,297.4,309.3,1516,43.0,83.0,0,0,0,0,0,0
539,M15398,M,297.4,309.3,1499,,,0,0,0,0,0,0
540,M15399,M,297.4,309.3,1775,25.8,91.0,0,0,0,0,0,0
541,L47720,L,297.4,309.4,1473,45.5,94.0,0,0,0,0,0,0
542,L47721,L,297.4,309.4,1296,52.3,,0,0,0,0,0,0
543,L47722,L,297.5,309.4,1803,24.7,98.0,0,0,0,0,0,0
544,H29957,H,297.5,309.3,1563,,,0,0,0,0,0,0
545,M15404,M,297.5,309.4,1831,,,0,0,0,0,0,0
546,L47725,L,297.6,309.4,1958,22.1,108.0,0,0,0,0,0,0
547,L47726,L,297.5,309.4,1809,24.3,110.0,0,0,0,0,0,0
548,M15407,M,297.5,309.4,1482,,,0,0,0,0,0,0
549,L47728,L,297.4,309.3,1332,53.2,115.0,0,0,0,0,0,0
550,L47729,L,297.4,309.2,1437,,117.0,0,0,0,0,0,0
551,L47730,L,297.4,309.2,1698,,,0,0,0,0,0,0
552,L47731,L,297.4,309.2,1274,,121.0,0,0,0,0,0,0
553,M15412,M,297.4,309.3,1622,,,0,0,0,0,0,0
554,M15413,M,297.4,309.3,1564,,,0,0,0,0,0,0
555,H29968,H,297.5,309.4,1368,45.3,129.0,0,0,0,0,0,0
556,M15415,M,297.4,309.4,1539,,,0,0,0,0,0,0
557,L47736,L,297.5,309.4,1357,,,0,0,0,0,0,0
558,M15417,M,297.5,309.4,1433,,,0,0,0,0,0,0
559,L47738,L,297.5,309.4,1650,,,0,0,0,0,0,0
560,L47739,L,297.5,309.4,1503,,,0,0,0,0,0,0
561,L47740,L,297.5,309.4,1318,,146.0,0,0,0,0,0,0
562,M15421,M,297.5,309.4,1678,34.4,,0,0,0,0,0,0
563,L47742,L,297.6,309.5,1574,,151.0,0,0,0,0,0,0
564,L47743,L,297.7,309.6,1529,,153.0,0,0,0,0,0,0
565,H29978,H,297.6,309.6,1669,,155.0,0,0,0,0,0,0
566,H29979,H,297.7,309.7,1570,35.8,,0,0,0,0,0,0
567,M15426,M,297.6,309.7,1541,,,0,0,0,0,0,0
568,M15427,M,297.7,309.7,1680,,168.0,0,0,0,0,0,0
569,L47748,L,297.8,309.7,1935,22.1,,0,0,0,0,0,0
570,M15429,M,297.7,309.6,1596,,173.0,0,0,0,0,0,0
571,L47750,L,297.7,309.7,1498,,,0,0,0,0,0,0
572,M15431,M,297.8,309.8,1676,,178.0,0,0,0,0,0,0
573,L47752,L,297.8,309.9,1351,49.0,181.0,0,0,0,0,0,0
574,L47753,L,297.9,309.9,1472,,183.0,0,0,0,0,0,0
575,M15434,M,297.9,310.0,1439,41.7,185.0,0,0,0,0,0,0
576,M15435,M,297.9,309.9,1410,,188.0,0,0,0,0,0,0
577,H29990,H,297.7,309.7,1440,,191.0,0,0,0,0,0,0
578,L47757,L,297.7,309.7,1591,37.7,196.0,0,0,0,0,0,0
579,L47758,L,297.8,309.8,1533,36.8,198.0,0,0,0,0,0,0
580,M15439,M,297.8,309.7,1700,31.3,200.0,0,0,0,0,0,0
581,M15440,M,297.8,309.8,1798,,203.0,0,0,0,0,0,0
582,L47761,L,297.8,309.7,1394,42.9,206.0,0,0,0,0,0,0
583,L47762,L,297.8,309.7,1341,49.2,,0,0,0,0,0,0
584,H29997,H,297.7,309.6,1697,,210.0,0,0,0,0,0,0
585,H29998,H,297.6,309.6,1419,,215.0,0,0,0,0,0,0
586,L47765,L,297.6,309.5,2001,20.5,220.0,0,0,0,0,0,0
587,L47766,L,297.6,309.6,1501,,222.0,1,0,0,0,1,0
588,H30001,H,297.6,309.5,1623,33.1,,0,0,0,0,0,0
589,L47768,L,297.6,309.4,1628,33.4,,0,0,0,0,0,0
590,L47769,L,297.6,309.4,1491,40.2,231.0,0,0,0,0,0,0
591,L47770,L,297.5,309.4,1517,,233.0,0,0,0,0,0,0
592,H30005,H,297.5,309.3,1525,41.7,235.0,0,0,0,0,0,0
593,H30006,H,297.5,309.5,1668,,240.0,0,0,0,0,0,0
594,L47773,L,297.5,309.6,1312,,,0,0,0,0,0,0
595,H30008,H,297.6,309.6,1278,50.4,2.0,0,0,0,0,0,0
596,M15455,M,297.6,309.6,1330,53.1,,0,0,0,0,0,0
597,M15456,M,297.6,309.6,1530,,10.0,0,0,0,0,0,0
598,H30011,H,297.6,309.6,1428,,13.0,0,0,0,0,0,0
599,L47778,L,297.7,309.6,1480,,18.0,0,0,0,0,0,0
600,H30013,H,297.7,309.7,1616,,20.0,0,0,0,0,0,0
601,L47780,L,297.8,309.7,1547,37.3,,0,0,0,0,0,0
602,L47781,L,297.9,309.7,2194,,27.0,0,0,0,0,0,0
603,L47782,L,297.9,309.8,2000,21.3,,0,0,0,0,0,0
604,L47783,L,297.9,309.8,1336,71.6,31.0,1,0,0,1,0,0
605,L47784,L,297.9,309.9,1542,33.8,33.0,0,0,0,0,0,0
606,M15465,M,297.9,309.8,1693,,,0,0,0,0,0,0
607,L47786,L,297.9,309.8,1461,,38.0,0,0,0,0,0,0
608,M15467,M,298.0,309.9,1565,33.9,40.0,0,0,0,0,0,0
609,L47788,L,298.0,309.9,1403,,,0,0,0,0,0,0
610,L47789,L,298.1,309.9,1629,,45.0,0,0,0,0,0,0
611,L47790,L,298.1,310.0,1534,33.7,,0,0,0,0,0,0
612,L47791,L,298.1,310.0,1553,40.9,49.0,0,0,0,0,0,0
613,L47792,L,298.1,309.9,1563,,51.0,0,0,0,0,0,0
614,L47793,L,298.1,309.9,1634,30.0,,0,0,0,0,0,0
615,M15474,M,298.0,309.9,1445,45.2,55.0,0,0,0,0,0,0
616,L47795,L,298.1,309.9,1642,30.4,,0,0,0,0,0,0
617,H30030,H,298.1,309.9,1686,,60.0,0,0,0,0,0,0
618,M15477,M,298.1,310.0,1393,43.1,,0,0,0,0,0,0
619,H30032,H,298.2,310.0,1433,,,0,0,0,0,0,0
620,L47799,L,298.3,310.0,1507,44.7,73.0,0,0,0,0,0,0
621,M15480,M,298.3,310.1,1389,49.6,75.0,0,0,0,0,0,0
622,L47801,L,298.3,310.1,1408,45.3,78.0,0,0,0,0,0,0
623,M15482,M,298.4,310.2,1725,32.0,80.0,0,0,0,0,0,0
624,L47803,L,298.4,310.1,1926,,83.0,0,0,0,0,0,0
625,H30038,H,298.3,310.1,1509,37.6,,0,0,0,0,0,0
626,L47805,L,298.3,310.1,1545,,90.0,0,0,0,0,0,0
627,L47806,L,298.4,310.1,1533,35.2,92.0,0,0,0,0,0,0
628,L47807,L,298.4,310.1,1455,,,0,0,0,0,0,0
629,M15488,M,298.4,310.1,1335,,,0,0,0,0,0,0
630,L47809,L,298.3,310.1,1523,45.9,99.0,0,0,0,0,0,0
631,L47810,L,298.3,310.0,1460,,101.0,0,0,0,0,0,0
632,L47811,L,298.4,310.0,1554,37.3,,0,0,0,0,0,0
633,H30046,H,298.3,310.0,1419,47.1,,0,0,0,0,0,0
634,L47813,L,298.3,310.0,1442,43.9,110.0,0,0,0,0,0,0
635,L47814,L,298.3,309.9,1507,41.6,112.0,0,0,0,0,0,0
636,L47815,L,298.3,310.0,1858,,,0,0,0,0,0,0
637,L47816,L,298.3,309.9,1463,,116.0,0,0,0,0,0,0
638,L47817,L,298.2,309.7,1585,,,0,0,0,0,0,0
639,L47818,L,298.0,309.6,1536,,120.0,0,0,0,0,0,0
640,L47819,L,298.0,309.6,1403,,122.0,0,0,0,0,0,0
641,M15500,M,297.9,309.6,1515,38.8,124.0,0,0,0,0,0,0
642,L47821,L,297.9,309.5,1390,,,0,0,0,0,0,0
643,M15502,M,297.8,309.4,1226,,129.0,0,0,0,0,0,0
644,M15503,M,297.8,309.4,1495,36.5,132.0,0,0,0,0,0,0
645,H30058,H,297.7,309.4,1608,30.2,135.0,0,0,0,0,0,0
646,L47825,L,297.7,309.4,1392,,140.0,0,0,0,0,0,0
647,M15506,M,297.7,309.4,1461,,142.0,0,0,0,0,0,0
648,L47827,L,297.7,309.3,1559,36.9,,0,0,0,0,0,0
649,H30062,H,297.7,309.3,1400,48.9,,0,0,0,0,0,0
650,M15509,M,297.7,309.2,1732,,152.0,0,0,0,0,0,0
651,L47830,L,297.6,309.2,1611,,155.0,0,0,0,0,0,0
652,L47831,L,297.6,309.1,1503,38.9,157.0,0,0,0,0,0,0
653,L47832,L,297.7,309.2,1391,,,0,0,0,0,0,0
654,L47833,L,297.8,309.3,2015,20.1,161.0,0,0,0,0,0,0
655,L47834,L,297.8,309.2,1683,30.9,163.0,0,0,0,0,0,0
656,L47835,L,297.7,309.1,1435,,,0,0,0,0,0,0
657,M15516,M,297.7,309.1,1732,28.1,167.0,0,0,0,0,0,0
658,L47837,L,297.7,309.2,1365,,170.0,0,0,0,0,0,0
659,L47838,L,297.7,309.1,1562,,,0,0,0,0,0,0
660,L47839,L,297.6,309.1,1449,49.1,174.0,0,0,0,0,0,0
661,M15520,M,297.7,309.2,1700,,176.0,0,0,0,0,0,0
662,M15521,M,297.6,309.0,1427,45.6,179.0,0,0,0,0,0,0
663,M15522,M,297.6,308.9,1479,38.1,182.0,0,0,0,0,0,0
664,L47843,L,297.5,308.9,1469,,185.0,0,0,0,0,0,0
665,L47844,L,297.5,308.9,1390,,,0,0,0,0,0,0
666,L47845,L,297.5,308.9,1729,,189.0,0,0,0,0,0,0
667,L47846,L,297.5,309.0,1470,43.5,,0,0,0,0,0,0
668,L47847,L,297.5,308.9,1459,,193.0,0,0,0,0,0,0
669,L47848,L,297.5,308.9,1738,24.0,195.0,0,0,0,0,0,0
670,H30083,H,297.5,308.9,1471,37.7,197.0,0,0,0,0,0,0
671,L47850,L,297.6,309.0,1822,25.4,202.0,0,0,0,0,0,0
672,L47851,L,297.5,308.9,1554,,204.0,0,0,0,0,0,0
673,M15532,M,297.6,308.9,1433,,206.0,0,0,0,0,0,0
674,L47853,L,297.6,308.9,1449,,209.0,0,0,0,0,0,0
675,L47854,L,297.8,309.0,1456,,0.0,0,0,0,0,0,0
676,M15535,M,297.8,309.1,1424,,,0,0,0,0,0,0
677,H30090,H,297.9,309.2,1577,,,0,0,0,0,0,0
678,L47857,L,297.9,309.2,1478,39.7,10.0,0,0,0,0,0,0
679,M15538,M,297.8,309.2,1295,,12.0,0,0,0,0,0,0
680,L47859,L,297.8,309.2,1372,,,0,0,0,0,0,0
681,M15540,M,297.8,309.1,1432,,,0,0,0,0,0,0
682,M15541,M,297.7,309.0,1656,,,0,0,0,0,0,0
683,H30096,H,297.8,309.0,1410,48.8,23.0,0,0,0,0,0,0
684,L47863,L,297.7,309.0,1874,,,0,0,0,0,0,0
685,L47864,L,297.7,309.0,1538,43.2,,0,0,0,0,0,0
686,M15545,M,297.7,309.0,1636,29.7,32.0,0,0,0,0,0,0
687,M15546,M,297.7,309.0,1504,,,0,0,0,0,0,0
688,M15547,M,297.7,309.0,1531,,38.0,0,0,0,0,0,0
689,H30102,H,297.6,309.0,1735,26.4,41.0,0,0,0,0,0,0
690,H30103,H,297.6,309.0,1354,55.6,,0,0,0,0,0,0
691,H30104,H,297.6,309.0,1413,,51.0,0,0,0,0,0,0
692,L47871,L,297.7,309.1,1563,39.3,56.0,0,0,0,0,0,0
693,L47872,L,297.7,309.1,1479,,58.0,0,0,0,0,0,0
694,L47873,L,297.7,309.1,1477,38.3,60.0,0,0,0,0,0,0
695,L47874,L,297.6,309.1,1394,50.0,62.0,0,0,0,0,0,0
696,L47875,L,297.6,309.0,1487,45.4,,0,0,0,0,0,0
697,M15556,M,297.6,309.0,1815,25.3,66.0,0,0,0,0,0,0
698,M15557,M,297.6,308.8,1453,39.7,,0,0,0,0,0,0
699,L47878,L,297.6,308.8,1539,,72.0,0,0,0,0,0,0
700,H30113,H,297.5,308.7,1416,,,0,0,0,0,0,0
701,M15560,M,297.6,308.8,1683,,,0,0,0,0,0,0
702,L47881,L,297.7,308.8,1515,40.1,82.0,0,0,0,0,0,0
703,M15562,M,297.7,308.9,1531,,84.0,0,0,0,0,0,0
704,H30117,H,297.7,308.9,1479,40.9,87.0,0,0,0,0,0,0
705,L47884,L,297.7,308.9,1516,33.7,92.0,0,0,0,0,0,0
706,L47885,L,297.7,309.0,1507,38.2,,0,0,0,0,0,0
707,M15566,M,297.8,309.0,1434,,,0,0,0,0,0,0
708,L47887,L,297.7,308.9,1838,,99.0,0,0,0,0,0,0
709,M15568,M,297.6,308.8,1416,,101.0,0,0,0,0,0,0
710,M15569,M,297.6,308.8,1357,,104.0,0,0,0,0,0,0
711,M15570,M,297.5,308.7,1697,,,0,0,0,0,0,0
712,L47891,L,297.5,308.7,1443,46.2,110.0,0,0,0,0,0,0
713,L47892,L,297.5,308.7,1453,,,0,0,0,0,0,0
714,L47893,L,297.4,308.6,1439,46.4,,0,0,0,0,0,0
715,L47894,L,297.4,308.6,1609,36.2,,0,0,0,0,0,0
716,L47895,L,297.4,308.6,1324,,118.0,0,0,0,0,0,0
717,H30130,H,297.4,308.6,1420,45.8,,0,0,0,0,0,0
718,L47897,L,297.4,308.7,1545,,125.0,0,0,0,0,0,0
719,L47898,L,297.5,308.8,1477,,,0,0,0,0,0,0
720,L47899,L,297.4,308.8,1447,58.1,,0,0,0,0,0,0
721,L47900,L,297.4,308.9,1809,,,0,0,0,0,0,0
722,L47901,L,297.5,308.9,1696,30.9,133.0,0,0,0,0,0,0
723,L47902,L,297.5,308.9,1427,,,0,0,0,0,0,0
724,M15583,M,297.4,308.9,1500,46.3,137.0,0,0,0,0,0,0
725,L47904,L,297.5,308.9,1390,44.6,140.0,0,0,0,0,0,0
726,L47905,L,297.4,308.8,1640,,142.0,0,0,0,0,0,0
727,M15586,M,297.4,308.8,1628,,144.0,0,0,0,0,0,0
728,H30141,H,297.3,308.6,1499,37.6,147.0,0,0,0,0,0,0
729,M15588,M,297.4,308.7,1425,50.3,,0,0,0,0,0,0
730,L47909,L,297.3,308.6,1586,,,0,0,0,0,0,0
731,M15590,M,297.3,308.6,1471,,157.0,0,0,0,0,0,0
732,M15591,M,297.3,308.6,1431,53.0,,0,0,0,0,0,0
733,L47912,L,297.2,308.6,1924,,163.0,0,0,0,0,0,0
734,M15593,M,297.1,308.4,1421,42.0,165.0,0,0,0,0,0,0
735,H30148,H,297.0,308.4,1305,,168.0,0,0,0,0,0,0
736,L47915,L,296.9,308.4,1557,32.4,173.0,0,0,0,0,0,0
737,L47916,L,296.9,308.3,1555,38.2,175.0,0,0,0,0,0,0
738,H30151,H,296.9,308.3,1474,39.2,177.0,0,0,0,0,0,0
739,L47918,L,296.8,308.3,1506,45.9,,0,0,0,0,0,0
740,L47919,L,296.9,308.4,1390,41.8,184.0,0,0,0,0,0,0
741,M15600,M,296.9,308.4,1450,46.9,,0,0,0,0,0,0
742,L47921,L,296.9,308.3,1513,38.8,189.0,0,0,0,0,0,0
743,L47922,L,296.8,308.2,1643,34.7,,0,0,0,0,0,0
744,L47923,L,296.8,308.2,1361,,193.0,0,0,0,0,0,0
745,L47924,L,296.7,308.1,1450,40.9,195.0,0,0,0,0,0,0
746,L47925,L,296.7,308.0,1451,50.7,,0,0,0,0,0,0
747,L47926,L,296.8,308.1,1289,,199.0,1,0,0,0,1,0
748,L47927,L,296.8,308.1,1356,,,0,0,0,0,0,0
749,H30162,H,296.7,308.1,1528,46.3,203.0,0,0,0,0,0,0
750,L47929,L,296.6,308.0,1978,22.3,208.0,0,0,0,0,0,0
751,L47930,L,296.7,308.0,1535,,,0,0,0,0,0,0
752,M15611,M,296.8,308.1,1843,24.2,,0,0,0,0,0,0
753,L47932,L,296.9,308.1,1422,,,0,0,0,0,0,0
754,L47933,L,296.8,308.0,1536,,217.0,0,0,0,0,0,0
755,M15614,M,296.9,308.1,1483,44.3,,0,0,0,0,0,0
756,H30169,H,296.8,308.1,1492,43.7,222.0,0,0,0,0,0,0
757,L47936,L,296.8,308.0,1584,,,0,0,0,0,0,0
758,L47937,L,296.9,308.1,1555,,229.0,0,0,0,0,0,0
759,L47938,L,296.8,308.0,1497,41.7,,0,0,0,0,0,0
760,M15619,M,296.7,307.8,1537,36.3,,0,0,0,0,0,0
761,L47940,L,296.7,307.8,1505,39.4,236.0,0,0,0,0,0,0
762,L47941,L,296.7,307.8,1646,,238.0,0,0,0,0,0,0
763,M15622,M,296.7,307.8,1286,60.5,,0,0,0,0,0,0
764,L47943,L,296.7,307.8,1400,47.5,,0,0,0,0,0,0
765,L47944,L,296.8,307.9,1337,56.5,,0,0,0,0,0,0
766,L47945,L,296.9,308.0,1332,53.9,,0,0,0,0,0,0
767,L47946,L,296.8,308.0,1561,38.3,9.0,0,0,0,0,0,0
768,L47947,L,296.9,308.0,1546,,11.0,0,0,0,0,0,0
769,L47948,L,296.9,308.0,1713,,,0,0,0,0,0,0
770,L47949,L,296.9,308.0,1343,,,0,0,0,0,0,0
771,L47950,L,296.8,308.0,1391,54.4,17.0,0,0,0,0,0,0
772,H30185,H,296.8,308.0,1311,58.6,,0,0,0,0,0,0
773,H30186,H,296.8,308.0,1453,51.0,24.0,0,0,0,0,0,0
774,L47953,L,296.8,308.0,1510,39.4,,0,0,0,0,0,0
775,L47954,L,296.8,307.9,1448,,,0,0,0,0,0,0
776,L47955,L,296.7,307.8,1453,46.0,33.0,0,0,0,0,0,0
777,L47956,L,296.7,307.8,1468,,,0,0,0,0,0,0
778,L47957,L,296.7,307.8,1382,,37.0,0,0,0,0,0,0
779,L47958,L,296.7,308.0,1580,,,0,0,0,0,0,0
780,L47959,L,296.8,308.0,1666,29.8,,0,0,0,0,0,0
781,M15640,M,296.9,308.0,1409,50.7,43.0,0,0,0,0,0,0
782,L47961,L,296.8,308.0,1675,29.7,46.0,0,0,0,0,0,0
783,L47962,L,296.8,307.9,1698,30.8,,0,0,0,0,0,0
784,H30197,H,296.7,307.9,1579,,50.0,0,0,0,0,0,0
785,L47964,L,296.7,307.9,1743,27.9,55.0,0,0,0,0,0,0
786,M15645,M,296.9,308.0,1497,44.8,57.0,0,0,0,0,0,0
787,L47966,L,296.9,308.1,1741,28.8,60.0,0,0,0,0,0,0
788,L47967,L,296.9,308.1,1435,,62.0,0,0,0,0,0,0
789,M15648,M,296.9,308.1,1440,46.3,,0,0,0,0,0,0
790,M15649,M,296.9,308.0,1641,,,0,0,0,0,0,0
791,L47970,L,296.8,307.9,1420,,,0,0,0,0,0,0
792,L47971,L,296.8,307.9,1611,35.4,,0,0,0,0,0,0
793,L47972,L,296.8,307.8,1373,,74.0,0,0,0,0,0,0
794,M15653,M,296.8,307.9,1683,,,0,0,0,0,0,0
795,H30208,H,296.9,307.9,1547,32.6,,0,0,0,0,0,0
796,L47975,L,296.9,307.8,1605,37.0,84.0,0,0,0,0,0,0
797,M15656,M,296.9,307.9,2010,18.9,,0,0,0,0,0,0
798,L47977,L,296.8,307.7,1565,40.1,,0,0,0,0,0,0
799,M15658,M,296.9,307.8,1828,24.6,91.0,0,0,0,0,0,0
800,M15659,M,297.0,307.8,1579,,94.0,0,0,0,0,0,0
801,M15660,M,297.0,307.9,1882,,,0,0,0,0,0,0
802,L47981,L,296.9,307.8,1285,,,0,0,0,0,0,0
803,L47982,L,296.9,307.8,1571,,102.0,0,0,0,0,0,0
804,H30217,H,296.9,307.8,1549,37.8,,0,0,0,0,0,0
805,M15664,M,296.9,307.8,1544,37.6,109.0,0,0,0,0,0,0
806,M15665,M,297.0,307.9,1412,,112.0,0,0,0,0,0,0
807,M15666,M,297.0,307.9,1422,53.0,,0,0,0,0,0,0
808,L47987,L,297.0,307.7,1867,22.8,118.0,0,0,0,0,0,0
809,L47988,L,296.9,307.7,1424,43.3,120.0,0,0,0,0,0,0
810,L47989,L,296.9,307.6,1452,,122.0,0,0,0,0,0,0
811,L47990,L,296.9,307.7,1550,,124.0,0,0,0,0,0,0
812,L47991,L,296.8,307.6,1588,37.6,,0,0,0,0,0,0
813,L47992,L,296.8,307.6,1338,44.4,128.0,0,0,0,0,0,0
814,L47993,L,296.8,307.6,1513,,130.0,0,0,0,0,0,0
815,M15674,M,296.8,307.5,1470,,132.0,0,0,0,0,0,0
816,M15675,M,296.8,307.5,1516,,,0,0,0,0,0,0
817,L47996,L,296.8,307.6,1434,48.3,138.0,0,0,0,0,0,0
818,L47997,L,296.8,307.6,1368,52.0,140.0,0,0,0,0,0,0
819,L47998,L,296.8,307.6,1304,48.7,142.0,0,0,0,0,0,0
820,L47999,L,296.8,307.6,1398,46.7,144.0,0,0,0,0,0,0
821,L48000,L,296.7,307.6,1516,,146.0,0,0,0,0,0,0
822,L48001,L,296.7,307.6,1474,41.7,,0,0,0,0,0,0
823,M15682,M,296.7,307.6,1547,,,0,0,0,0,0,0
824,M15683,M,296.6,307.5,1482,39.9,153.0,0,0,0,0,0,0
825,L48004,L,296.6,307.4,1436,,156.0,0,0,0,0,0,0
826,L48005,L,296.6,307.3,1474,,158.0,0,0,0,0,0,0
827,L48006,L,296.5,307.2,1481,38.2,,0,0,0,0,0,0
828,L48007,L,296.5,307.3,1501,,,0,0,0,0,0,0
829,L48008,L,296.5,307.3,1566,37.2,164.0,0,0,0,0,0,0
830,L48009,L,296.5,307.3,1579,34.5,,0,0,0,0,0,0
831,L48010,L,296.6,307.4,1631,,168.0,0,0,0,0,0,0
832,M15691,M,296.6,307.4,1544,,170.0,0,0,0,0,0,0
833,L48012,L,296.6,307.4,1521,,173.0,0,0,0,0,0,0
834,L48013,L,296.6,307.4,1616,28.0,175.0,0,0,0,0,0,0
835,H30248,H,296.6,307.4,1333,50.2,,0,0,0,0,0,0
836,M15695,M,296.7,307.4,1533,,182.0,0,0,0,0,0,0
837,L48016,L,296.6,307.4,1368,45.1,,0,0,0,0,0,0
838,L48017,L,296.6,307.4,1465,47.8,187.0,0,0,0,0,0,0
839,H30252,H,296.6,307.4,1406,,189.0,0,0,0,0,0,0
840,M15699,M,296.5,307.4,1565,43.5,194.0,0,0,0,0,0,0
841,L48020,L,296.6,307.5,1582,37.9,197.0,0,0,0,0,0,0
842,L48021,L,296.6,307.5,1439,45.5,199.0,0,0,0,0,0,0
843,M15702,M,296.6,307.5,1566,35.0,,0,0,0,0,0,0
844,L48023,L,296.6,307.5,1485,,,0,0,0,0,0,0
845,L48024,L,296.5,307.5,1566,35.1,,0,0,0,0,0,0
846,L48025,L,296.3,307.3,1439,41.5,208.0,0,0,0,0,0,0
847,M15706,M,296.4,307.4,1416,,,0,0,0,0,0,0
848,L48027,L,296.4,307.4,2833,,,1,0,0,1,0,0
849,L48028,L,296.3,307.4,1465,,215.0,0,0,0,0,0,0
850,H30263,H,296.4,307.4,1586,,0.0,0,0,0,0,0,0
851,L48030,L,296.3,307.3,1567,,5.0,0,0,0,0,0,0
852,M15711,M,296.2,307.2,1389,48.6,7.0,0,0,0,0,0,0
853,M15712,M,296.3,307.3,1368,,10.0,0,0,0,0,0,0
854,L48033,L,296.3,307.3,1444,49.0,13.0,0,0,0,0,0,0
855,M15714,M,296.3,307.3,1498,,,0,0,0,0,0,0
856,L48035,L,296.1,307.2,1615,,18.0,0,0,0,0,0,0
857,L48036,L,296.1,307.1,1898,22.7,20.0,0,0,0,0,0,0
858,M15717,M,296.1,307.1,1350,53.3,22.0,0,0,0,0,0,0
859,M15718,M,296.2,307.0,1516,,25.0,0,0,0,0,0,0
860,H30273,H,296.2,307.0,1542,,,0,0,0,0,0,0
861,H30274,H,296.1,306.9,1541,32.6,,0,0,0,0,0,0
862,M15721,M,296.1,306.9,1951,23.3,38.0,0,0,0,0,0,0
863,H30276,H,296.1,306.8,1645,,41.0,0,0,0,0,0,0
864,L48043,L,296.0,306.7,1416,,46.0,0,0,0,0,0,0
865,M15724,M,296.0,306.7,2044,22.3,48.0,0,0,0,0,0,0
866,L48045,L,295.9,306.6,1414,,,0,0,0,0,0,0
867,L48046,L,295.9,306.6,1678,26.7,,0,0,0,0,0,0
868,H30281,H,295.9,306.5,1594,33.2,,0,0,0,0,0,0
869,M15728,M,295.8,306.5,1514,,60.0,0,0,0,0,0,0
870,L48049,L,295.8,306.5,1358,49.2,,0,0,0,0,0,0
871,L48050,L,295.8,306.4,1325,,,0,0,0,0,0,0
872,L48051,L,295.8,306.4,1339,53.2,,0,0,0,0,0,0
873,M15732,M,295.8,306.4,1335,51.7,,0,0,0,0,0,0
874,L48053,L,295.9,306.4,1892,21.7,72.0,0,0,0,0,0,0
875,L48054,L,295.9,306.4,1575,,,0,0,0,0,0,0
876,M15735,M,295.8,306.3,1444,,76.0,0,0,0,0,0,0
877,L48056,L,295.7,306.3,1915,22.4,79.0,0,0,0,0,0,0
878,M15737,M,295.6,306.2,1584,33.6,81.0,0,0,0,0,0,0
879,M15738,M,295.7,306.3,1685,,,0,0,0,0,0,0
880,L48059,L,295.8,306.3,1337,54.6,,0,0,0,0,0,0
881,M15740,M,295.8,306.3,1235,76.2,,1,0,0,1,0,0
882,L48061,L,295.7,306.2,1464,,92.0,0,0,0,0,0,0
883,M15742,M,295.7,306.2,1739,25.9,,0,0,0,0,0,0
884,L48063,L,295.7,306.3,1490,34.3,97.0,0,0,0,0,0,0
885,L48064,L,295.8,306.4,1356,,,0,0,0,0,0,0
886,L48065,L,295.7,306.2,1397,52.0,,0,0,0,0,0,0
887,L48066,L,295.7,306.2,1458,,103.0,0,0,0,0,0,0
888,H30301,H,295.7,306.2,2161,,105.0,0,0,0,0,0,0
889,M15748,M,295.6,306.1,1651,,110.0,0,0,0,0,0,0
890,L48069,L,295.6,306.1,1389,46.2,113.0,0,0,0,0,0,0
891,L48070,L,295.6,306.0,1370,,115.0,0,0,0,0,0,0
892,L48071,L,295.7,306.1,1408,,,0,0,0,0,0,0
893,L48072,L,295.7,306.1,1343,,,0,0,0,0,0,0
894,M15753,M,295.7,306.2,1423,42.5,121.0,0,0,0,0,0,0
895,L48074,L,295.6,306.2,1426,,124.0,0,0,0,0,0,0
896,M15755,M,295.6,306.2,1435,51.6,,0,0,0,0,0,0
897,L48076,L,295.5,306.1,1573,35.1,129.0,0,0,0,0,0,0
898,L48077,L,295.6,306.2,1612,,,0,0,0,0,0,0
899,L48078,L,295.6,306.2,1446,,,0,0,0,0,0,0
900,H30313,H,295.6,306.2,1329,55.3,,0,0,0,0,0,0
901,L48080,L,295.6,306.2,1569,35.1,140.0,0,0,0,0,0,0
902,H30315,H,295.6,306.1,1256,,142.0,0,0,0,0,0,0
903,L48082,L,295.6,306.1,1383,48.7,147.0,0,0,0,0,0,0
904,L48083,L,295.7,306.2,2270,14.6,,1,0,0,1,0,0
905,H30318,H,295.7,306.2,1458,49.8,151.0,0,0,0,0,0,0
906,L48085,L,295.6,306.1,1474,,,0,0,0,0,0,0
907,M15766,M,295.6,306.1,1462,49.2,,0,0,0,0,0,0
908,M15767,M,295.6,306.1,1669,29.0,161.0,0,0,0,0,0,0
909,M15768,M,295.5,306.1,1822,,,0,0,0,0,0,0
910,L48089,L,295.5,306.0,1456,,167.0,0,0,0,0,0,0
911,L48090,L,295.5,306.0,1546,35.9,,0,0,0,0,0,0
912,M15771,M,295.6,306.1,1490,42.7,171.0,0,0,0,0,0,0
913,L48092,L,295.6,306.0,1569,40.4,,0,0,0,0,0,0
914,L48093,L,295.5,306.0,1621,29.5,176.0,0,0,0,0,0,0
915,M15774,M,295.4,305.9,1518,,,0,0,0,0,0,0
916,M15775,M,295.4,305.8,1526,,181.0,0,0,0,0,0,0
917,M15776,M,295.3,305.8,1589,36.2,184.0,0,0,0,0,0,0
918,L48097,L,295.3,305.7,1475,,187.0,0,0,0,0,0,0
919,M15778,M,295.3,305.7,1473,,189.0,0,0,0,0,0,0
920,L48099,L,295.4,305.8,1407,50.7,192.0,0,0,0,0,0,0
921,M15780,M,295.5,305.9,1518,,194.0,0,0,0,0,0,0
922,H30335,H,295.5,305.9,1593,,197.0,0,0,0,0,0,0
923,M15782,M,295.5,305.9,1380,52.4,202.0,0,0,0,0,0,0
924,M15783,M,295.5,306.0,1423,,205.0,0,0,0,0,0,0
925,L48104,L,295.5,306.0,1800,,208.0,0,0,0,0,0,0
926,H30339,H,295.6,306.1,1623,30.9,210.0,0,0,0,0,0,0
927,L48106,L,295.6,306.1,1372,55.6,215.0,1,0,0,0,1,0
928,H30341,H,295.6,306.0,1396,,,0,0,0,0,0,0
929,L48108,L,295.6,306.0,1949,,5.0,0,0,0,0,0,0
930,L48109,L,295.6,306.0,1419,51.1,,0,0,0,0,0,0
931,M15790,M,295.5,305.9,1453,,9.0,0,0,0,0,0,0
932,L48111,L,295.5,305.9,1542,,,0,0,0,0,0,0
933,L48112,L,295.6,306.0,1363,,,0,0,0,0,0,0
934,L48113,L,295.5,306.0,1597,37.2,16.0,0,0,0,0,0,0
935,M15794,M,295.5,306.0,1326,,18.0,0,0,0,0,0,0
936,M15795,M,295.5,306.0,1641,,21.0,0,0,0,0,0,0
937,M15796,M,295.6,306.1,1418,46.2,24.0,0,0,0,0,0,0
938,L48117,L,295.6,306.2,1263,61.8,,0,0,0,0,0,0
939,L48118,L,295.6,306.2,1823,,29.0,0,0,0,0,0,0
940,L48119,L,295.5,306.1,1488,,,0,0,0,0,0,0
941,L48120,L,295.6,306.2,1443,48.9,33.0,0,0,0,0,0,0
942,L48121,L,295.6,306.2,1650,28.2,35.0,0,0,0,0,0,0
943,M15802,M,295.7,306.3,1462,,,0,0,0,0,0,0
944,M15803,M,295.6,306.2,1477,45.0,,0,0,0,0,0,0
945,M15804,M,295.7,306.3,1712,,,0,0,0,0,0,0
946,M15805,M,295.7,306.3,1347,50.4,46.0,0,0,0,0,0,0
947,L48126,L,295.6,306.2,1287,54.8,49.0,0,0,0,0,0,0
948,L48127,L,295.6,306.2,1428,,,0,0,0,0,0,0
949,M15808,M,295.6,306.3,1426,45.5,53.0,0,0,0,0,0,0
950,L48129,L,295.6,306.3,1636,32.7,,0,0,0,0,0,0
951,L48130,L,295.6,306.2,1424,,58.0,0,0,0,0,0,0
952,H30365,H,295.6,306.3,1509,,,0,0,0,0,0,0
953,L48132,L,295.5,306.2,1448,48.9,,0,0,0,0,0,0
954,L48133,L,295.5,306.1,1650,32.8,67.0,0,0,0,0,0,0
955,H30368,H,295.6,306.2,1414,42.5,69.0,0,0,0,0,0,0
956,L48135,L,295.6,306.3,1911,20.9,74.0,0,0,0,0,0,0
957,H30370,H,295.6,306.2,1632,,,0,0,0,0,0,0
958,M15817,M,295.7,306.4,1387,,81.0,0,0,0,0,0,0
959,L48138,L,295.8,306.4,1399,47.6,,0,0,0,0,0,0
960,L48139,L,295.8,306.5,1505,,86.0,0,0,0,0,0,0
961,L48140,L,295.8,306.5,1534,37.9,,0,0,0,0,0,0
962,L48141,L,295.8,306.5,1493,40.5,90.0,0,0,0,0,0,0
963,M15822,M,295.8,306.6,1480,43.2,92.0,0,0,0,0,0,0
964,L48143,L,295.8,306.6,1621,,,0,0,0,0,0,0
965,L48144,L,295.7,306.5,1737,,97.0,0,0,0,0,0,0
966,L48145,L,295.8,306.6,1508,,,0,0,0,0,0,0
967,M15826,M,295.8,306.5,1641,32.2,101.0,0,0,0,0,0,0
968,M15827,M,295.9,306.6,1532,,104.0,0,0,0,0,0,0
969,L48148,L,295.9,306.7,1547,40.9,107.0,0,0,0,0,0,0
970,L48149,L,295.9,306.6,1412,,,0,0,0,0,0,0
971,L48150,L,295.8,306.5,1568,35.1,111.0,0,0,0,0,0,0
972,L48151,L,295.9,306.6,1557,41.1,113.0,0,0,0,0,0,0
973,L48152,L,295.8,306.6,1644,35.2,,0,0,0,0,0,0
974,L48153,L,295.9,306.6,1679,,,0,0,0,0,0,0
975,L48154,L,296.0,306.6,1511,,,0,0,0,0,0,0
976,M15835,M,296.0,306.6,1628,,121.0,0,0,0,0,0,0
977,M15836,M,296.0,306.6,1392,,124.0,0,0,0,0,0,0
978,L48157,L,296.0,306.7,1917,21.0,127.0,0,0,0,0,0,0
979,M15838,M,296.2,306.8,1526,42.3,129.0,0,0,0,0,0,0
980,L48159,L,296.2,306.8,1389,53.3,132.0,0,0,0,0,0,0
981,L48160,L,296.1,306.7,1409,,,0,0,0,0,0,0
982,L48161,L,296.2,306.8,1655,,,0,0,0,0,0,0
983,L48162,L,296.2,306.9,1516,39.1,,0,0,0,0,0,0
984,L48163,L,296.2,306.9,1526,34.9,140.0,0,0,0,0,0,0
985,L48164,L,296.3,307.1,1419,,142.0,0,0,0,0,0,0
986,L48165,L,296.4,307.2,1748,25.3,,0,0,0,0,0,0
987,H30400,H,296.4,307.1,1638,32.5,,0,0,0,0,0,0
988,M15847,M,296.3,307.1,1534,,,0,0,0,0,0,0
989,H30402,H,296.3,307.1,1774,25.9,,0,0,0,0,0,0
990,M15849,M,296.2,307.0,2119,,159.0,0,0,0,0,0,0
991,L48170,L,296.2,307.0,1414,,162.0,0,0,0,0,0,0
992,M15851,M,296.1,307.0,1523,42.0,164.0,0,0,0,0,0,0
993,L48172,L,296.1,307.1,1651,35.7,167.0,0,0,0,0,0,0
994,M15853,M,296.1,307.1,1485,,169.0,0,0,0,0,0,0
995,M15854,M,296.2,307.2,1168,63.4,,0,0,0,0,0,0
996,L48175,L,296.3,307.3,1566,,,0,0,0,0,0,0
997,M15856,M,296.3,307.2,1286,51.1,177.0,0,0,0,0,0,0
998,M15857,M,296.3,307.2,1446,45.9,180.0,0,0,0,0,0,0
999,M15858,M,296.4,307.2,2071,19.4,183.0,0,0,0,0,0,0
1000,L48179,L,296.3,307.1,1560,,,0,0,0,0,0,0
1001,L48180,L,296.3,307.1,1654,,188.0,0,0,0,0,0,0
1002,L48181,L,296.3,307.1,1662,32.9,190.0,0,0,0,0,0,0
1003,L48182,L,296.3,307.2,1646,,192.0,0,0,0,0,0,0
1004,L48183,L,296.2,307.1,1444,46.7,194.0,0,0,0,0,0,0
1005,H30418,H,296.3,307.2,1424,,196.0,0,0,0,0,0,0
1006,L48185,L,296.2,307.2,1382,,,0,0,0,0,0,0
1007,L48186,L,296.2,307.1,1413,,203.0,0,0,0,0,0,0
1008,M15867,M,296.2,307.2,1633,31.1,0.0,0,0,0,0,0,0
1009,L48188,L,296.2,307.1,1441,41.7,3.0,0,0,0,0,0,0
1010,M15869,M,296.2,307.2,1385,,5.0,0,0,0,0,0,0
1011,M15870,M,296.2,307.2,1552,34.8,8.0,0,0,0,0,0,0
1012,M15871,M,296.2,307.3,1451,,11.0,0,0,0,0,0,0
1013,M15872,M,296.1,307.1,1433,38.5,14.0,0,0,0,0,0,0
1014,M15873,M,296.1,307.2,1619,29.7,,0,0,0,0,0,0
1015,L48194,L,296.2,307.2,1445,,,0,0,0,0,0,0
1016,L48195,L,296.2,307.2,1356,43.6,22.0,0,0,0,0,0,0
1017,M15876,M,296.3,307.2,1319,68.3,24.0,1,0,0,1,0,0
1018,L48197,L,296.3,307.2,1637,,27.0,0,0,0,0,0,0
1019,L48198,L,296.3,307.2,1291,,29.0,0,0,0,0,0,0
1020,L48199,L,296.3,307.3,1398,,,0,0,0,0,0,0
1021,L48200,L,296.3,307.3,1372,57.7,33.0,0,0,0,0,0,0
1022,M15881,M,296.3,307.2,1454,42.5,35.0,0,0,0,0,0,0
1023,L48202,L,296.2,307.2,1515,36.5,,0,0,0,0,0,0
1024,L48203,L,296.2,307.3,1881,,40.0,0,0,0,0,0,0
1025,L48204,L,296.2,307.3,1711,,42.0,0,0,0,0,0,0
1026,L48205,L,296.2,307.3,1475,37.0,,0,0,0,0,0,0
1027,L48206,L,296.4,307.4,1512,36.8,46.0,0,0,0,0,0,0
1028,M15887,M,296.3,307.4,1335,,,0,0,0,0,0,0
1029,L48208,L,296.3,307.4,1472,39.9,,0,0,0,0,0,0
1030,M15889,M,296.2,307.3,1477,35.2,,0,0,0,0,0,0
1031,L48210,L,296.3,307.4,1760,,56.0,0,0,0,0,0,0
1032,L48211,L,296.4,307.5,1549,,58.0,0,0,0,0,0,0
1033,L48212,L,296.3,307.4,1648,34.0,60.0,0,0,0,0,0,0
1034,H30447,H,296.4,307.5,1556,,,0,0,0,0,0,0
1035,M15894,M,296.3,307.4,1958,,,0,0,0,0,0,0
1036,L48215,L,296.4,307.4,1403,,,0,0,0,0,0,0
1037,M15896,M,296.4,307.5,1684,31.4,,0,0,0,0,0,0
1038,H30451,H,296.4,307.5,1596,,75.0,0,0,0,0,0,0
1039,L48218,L,296.6,307.6,1498,,80.0,0,0,0,0,0,0
1040,L48219,L,296.7,307.7,1524,36.8,82.0,0,0,0,0,0,0
1041,L48220,L,296.7,307.7,1502,43.9,,0,0,0,0,0,0
1042,L48221,L,296.6,307.6,1809,25.1,86.0,0,0,0,0,0,0
1043,L48222,L,296.6,307.6,1542,,88.0,0,0,0,0,0,0
1044,L48223,L,296.5,307.6,1431,45.2,,0,0,0,0,0,0
1045,L48224,L,296.5,307.6,1512,,,0,0,0,0,0,0
1046,H30459,H,296.4,307.5,1403,,94.0,0,0,0,0,0,0
1047,L48226,L,296.4,307.5,1331,,,0,0,0,0,0,0
1048,M15907,M,296.6,307.7,1474,52.6,,0,0,0,0,0,0
1049,L48228,L,296.5,307.6,1607,,,0,0,0,0,0,0
1050,L48229,L,296.5,307.6,1415,,106.0,0,0,0,0,0,0
1051,L48230,L,296.6,307.6,1671,28.8,108.0,0,0,0,0,0,0
1052,L48231,L,296.6,307.7,1556,,,0,0,0,0,0,0
1053,L48232,L,296.7,307.7,1927,23.9,112.0,0,0,0,0,0,0
1054,M15913,M,296.7,307.7,1597,32.1,114.0,0,0,0,0,0,0
1055,H30468,H,296.8,307.8,1627,,,0,0,0,0,0,0
1056,L48235,L,296.8,307.8,1480,,,0,0,0,0,0,0
1057,L48236,L,296.8,307.8,1565,39.5,,0,0,0,0,0,0
1058,L48237,L,296.8,307.8,1573,,126.0,0,0,0,0,0,0
1059,L48238,L,296.7,307.8,1605,,128.0,0,0,0,0,0,0
1060,M15919,M,296.7,307.9,1874,21.3,130.0,0,0,0,0,0,0
1061,H30474,H,296.7,307.9,1424,,,0,0,0,0,0,0
1062,L48241,L,296.7,307.9,1420,,,0,0,0,0,0,0
1063,L48242,L,296.8,307.9,1372,,140.0,0,0,0,0,0,0
1064,M15923,M,296.8,307.8,1664,32.8,142.0,0,0,0,0,0,0
1065,M15924,M,296.8,307.9,1409,44.3,,0,0,0,0,0,0
1066,L48245,L,296.8,307.9,1718,25.2,148.0,0,0,0,0,0,0
1067,M15926,M,296.9,307.8,1544,,150.0,0,0,0,0,0,0
1068,L48247,L,296.9,307.8,1466,45.7,,0,0,0,0,0,0
1069,L48248,L,296.8,307.8,1394,,,0,0,0,0,0,0
1070,M15929,M,296.9,307.8,1840,24.6,,0,0,0,0,0,0
1071,M15930,M,296.9,307.8,1477,,,0,0,0,0,0,0
1072,L48251,L,296.9,307.8,1425,49.1,163.0,0,0,0,0,0,0
1073,M15932,M,297.0,307.9,1414,46.2,,0,0,0,0,0,0
1074,L48253,L,297.0,307.8,1414,47.5,168.0,0,0,0,0,0,0
1075,L48254,L,297.0,307.9,1595,,170.0,0,0,0,0,0,0
1076,H30489,H,296.9,307.8,1345,54.5,172.0,0,0,0,0,0,0
1077,L48256,L,296.9,307.7,1653,35.9,177.0,0,0,0,0,0,0
1078,L48257,L,296.8,307.6,1547,36.5,,0,0,0,0,0,0
1079,H30492,H,296.9,307.7,1656,30.8,,0,0,0,0,0,0
1080,L48259,L,297.0,307.7,1731,,186.0,0,0,0,0,0,0
1081,L48260,L,297.0,307.8,1774,,188.0,0,0,0,0,0,0
1082,L48261,L,297.0,307.8,1521,40.2,,0,0,0,0,0,0
1083,H30496,H,297.1,307.9,1420,,,0,0,0,0,0,0
1084,L48263,L,297.0,307.8,1683,32.3,,0,0,0,0,0,0
1085,M15944,M,297.0,307.7,1498,47.1,199.0,0,0,0,0,0,0
1086,L48265,L,297.0,307.8,1385,,202.0,1,0,0,0,1,0
1087,L48266,L,297.0,307.9,1455,49.0,204.0,0,0,0,0,0,0
1088,H30501,H,296.9,307.8,1549,,206.0,1,1,0,0,0,0
1089,M15948,M,296.9,307.8,1392,43.9,0.0,0,0,0,0,0,0
1090,M15949,M,296.9,307.7,2008,17.5,3.0,0,0,0,0,0,0
1091,L48270,L,296.9,307.7,1464,41.4,6.0,0,0,0,0,0,0
1092,L48271,L,297.0,307.7,1447,,8.0,0,0,0,0,0,0
1093,M15952,M,296.9,307.6,1685,32.0,,0,0,0,0,0,0
1094,M15953,M,296.8,307.5,1443,39.2,,0,0,0,0,0,0
1095,L48274,L,296.9,307.5,1354,,16.0,0,0,0,0,0,0
1096,L48275,L,296.9,307.5,2721,,18.0,1,0,0,1,0,0
1097,L48276,L,297.0,307.6,1680,35.8,20.0,0,0,0,0,0,0
1098,H30511,H,296.9,307.5,1397,48.3,22.0,0,0,0,0,0,0
1099,M15958,M,296.9,307.4,1521,37.9,27.0,0,0,0,0,0,0
1100,M15959,M,296.8,307.4,1472,,30.0,0,0,0,0,0,0
1101,H30514,H,296.8,307.5,1695,30.0,,0,0,0,0,0,0
1102,H30515,H,296.7,307.5,1607,,,0,0,0,0,0,0
1103,L48282,L,296.8,307.5,1347,,43.0,0,0,0,0,0,0
1104,M15963,M,296.7,307.4,1540,38.7,45.0,0,0,0,0,0,0
1105,L48284,L,296.6,307.4,1389,42.7,48.0,0,0,0,0,0,0
1106,M15965,M,296.6,307.5,1734,,50.0,0,0,0,0,0,0
1107,L48286,L,296.7,307.6,1540,,53.0,0,0,0,0,0,0
1108,M15967,M,296.7,307.5,1515,,55.0,0,0,0,0,0,0
1109,L48288,L,296.6,307.4,1504,,,0,0,0,0,0,0
1110,L48289,L,296.6,307.5,1557,,60.0,0,0,0,0,0,0
1111,L48290,L,296.5,307.4,1292,,62.0,0,0,0,0,0,0
1112,H30525,H,296.5,307.4,1432,,64.0,0,0,0,0,0,0
1113,M15972,M,296.5,307.4,1350,,69.0,0,0,0,0,0,0
1114,M15973,M,296.6,307.4,1790,,72.0,0,0,0,0,0,0
1115,H30528,H,296.4,307.3,1540,37.4,75.0,0,0,0,0,0,0
1116,M15975,M,296.4,307.3,2077,,,0,0,0,0,0,0
1117,L48296,L,296.4,307.3,1487,,83.0,0,0,0,0,0,0
1118,L48297,L,296.5,307.4,1523,40.7,85.0,0,0,0,0,0,0
1119,L48298,L,296.5,307.5,1443,41.8,87.0,0,0,0,0,0,0
1120,L48299,L,296.5,307.5,1340,,,0,0,0,0,0,0
1121,H30534,H,296.6,307.7,1654,,91.0,0,0,0,0,0,0
1122,L48301,L,296.6,307.6,1459,40.2,,0,0,0,0,0,0
1123,L48302,L,296.5,307.6,1541,38.5,98.0,0,0,0,0,0,0
1124,H30537,H,296.6,307.7,1386,62.3,,1,0,0,1,0,0
1125,M15984,M,296.7,307.8,1258,69.0,105.0,1,0,0,1,0,0
1126,M15985,M,296.7,307.8,1375,51.4,108.0,0,0,0,0,0,0
1127,L48306,L,296.8,307.9,1706,,111.0,0,0,0,0,0,0
1128,M15987,M,296.7,307.8,1672,,113.0,0,0,0,0,0,0
1129,M15988,M,296.8,307.9,1843,,116.0,0,0,0,0,0,0
1130,L48309,L,296.7,307.9,1690,29.6,119.0,0,0,0,0,0,0
1131,L48310,L,296.8,307.9,1413,46.5,,0,0,0,0,0,0
1132,L48311,L,296.8,307.9,1489,,,0,0,0,0,0,0
1133,L48312,L,296.8,307.9,1271,,,0,0,0,0,0,0
1134,M15993,M,296.8,307.9,1418,,127.0,0,0,0,0,0,0
1135,M15994,M,296.9,307.8,1426,50.7,,0,0,0,0,0,0
1136,L48315,L,296.9,307.9,1535,,,0,0,0,0,0,0
1137,L48316,L,296.9,307.8,1557,,,0,0,0,0,0,0
1138,L48317,L,296.9,307.8,1653,,137.0,0,0,0,0,0,0
1139,L48318,L,296.9,307.9,1435,,139.0,0,0,0,0,0,0
1140,M15999,M,297.0,307.9,1569,33.3,,0,0,0,0,0,0
1141,M16000,M,296.9,307.9,1385,44.8,144.0,0,0,0,0,0,0
1142,L48321,L,297.0,307.9,1635,31.6,147.0,0,0,0,0,0,0
1143,L48322,L,296.9,307.9,1423,43.9,,0,0,0,0,0,0
1144,L48323,L,297.0,307.9,1479,39.2,151.0,0,0,0,0,0,0
1145,L48324,L,297.0,307.9,1296,,,1,0,0,1,0,0
1146,L48325,L,297.0,307.8,1553,,155.0,0,0,0,0,0,0
1147,L48326,L,297.0,307.9,1529,,157.0,0,0,0,0,0,0
1148,M16007,M,297.1,308.0,1690,,,0,0,0,0,0,0
1149,L48328,L,297.1,308.0,1348,58.0,162.0,0,0,0,0,0,0
1150,L48329,L,297.2,308.1,1446,38.5,,0,0,0,0,0,0
1151,L48330,L,297.1,307.9,1456,,,0,0,0,0,0,0
1152,L48331,L,297.0,307.9,1350,47.7,168.0,0,0,0,0,0,0
1153,L48332,L,297.1,307.9,1507,38.3,170.0,0,0,0,0,0,0
1154,H30567,H,297.0,307.9,1448,,,0,0,0,0,0,0
1155,L48334,L,296.9,307.9,1626,29.9,,0,0,0,0,0,0
1156,H30569,H,297.0,307.9,1846,27.3,179.0,0,0,0,0,0,0
1157,H30570,H,297.0,307.8,1404,40.7,184.0,0,0,0,0,0,0
1158,L48337,L,297.0,307.8,1583,37.2,189.0,0,0,0,0,0,0
1159,L48338,L,297.0,307.9,1436,47.7,,0,0,0,0,0,0
1160,L48339,L,297.0,307.8,1609,,,0,0,0,0,0,0
1161,H30574,H,297.0,307.7,1834,,,0,0,0,0,0,0
1162,L48341,L,297.0,307.8,1316,,200.0,1,0,0,0,1,0
1163,L48342,L,296.9,307.8,1400,,202.0,1,0,0,0,1,0
1164,L48343,L,296.9,307.9,1367,,204.0,0,0,0,0,0,0
1165,L48344,L,297.1,308.1,1754,,,0,0,0,0,0,0
1166,L48345,L,297.1,308.1,1487,34.6,208.0,0,0,0,0,0,0
1167,M16026,M,297.1,308.1,1506,,210.0,0,0,0,0,0,0
1168,L48347,L,297.0,308.1,1362,,213.0,1,0,0,0,1,0
1169,L48348,L,297.1,308.1,1584,36.8,215.0,0,0,0,0,0,0
1170,L48349,L,297.0,308.1,1355,43.7,217.0,0,0,0,0,0,0
1171,M16030,M,297.1,308.1,1823,,219.0,0,0,0,0,0,0
1172,H30585,H,297.0,308.1,1517,41.4,222.0,0,0,0,0,0,0
1173,L48352,L,297.1,308.1,1446,,227.0,0,0,0,0,0,0
1174,H30587,H,297.1,308.0,1559,,229.0,0,0,0,0,0,0
1175,M16034,M,297.1,308.1,1352,44.4,0.0,0,0,0,0,0,0
1176,M16035,M,297.2,308.3,1578,,,0,0,0,0,0,0
1177,M16036,M,297.2,308.3,1429,42.0,6.0,0,0,0,0,0,0
1178,M16037,M,297.2,308.3,1604,39.4,,0,0,0,0,0,0
1179,L48358,L,297.3,308.5,1398,60.4,12.0,0,0,0,0,0,0
1180,L48359,L,297.3,308.4,1441,43.4,14.0,0,0,0,0,0,0
1181,H30594,H,297.3,308.4,1531,,16.0,0,0,0,0,0,0
1182,L48361,L,297.2,308.3,1379,,21.0,0,0,0,0,0,0
1183,L48362,L,297.3,308.3,1410,48.1,23.0,0,0,0,0,0,0
1184,L48363,L,297.3,308.4,1513,40.5,,0,0,0,0,0,0
1185,L48364,L,297.3,308.5,1497,47.5,27.0,0,0,0,0,0,0
1186,L48365,L,297.3,308.4,1491,46.5,29.0,0,0,0,0,0,0
1187,L48366,L,297.3,308.4,1417,,31.0,0,0,0,0,0,0
1188,M16047,M,297.4,308.6,1522,,,0,0,0,0,0,0
1189,L48368,L,297.3,308.4,1339,,,0,0,0,0,0,0
1190,M16049,M,297.2,308.3,1794,27.5,38.0,0,0,0,0,0,0
1191,L48370,L,297.2,308.4,1460,,41.0,0,0,0,0,0,0
1192,M16051,M,297.2,308.3,1776,28.0,43.0,0,0,0,0,0,0
1193,M16052,M,297.2,308.3,1431,,46.0,0,0,0,0,0,0
1194,L48373,L,297.1,308.2,1347,50.8,49.0,0,0,0,0,0,0
1195,M16054,M,297.0,308.1,1507,43.1,,0,0,0,0,0,0
1196,M16055,M,297.0,308.0,1408,,54.0,0,0,0,0,0,0
1197,M16056,M,297.0,307.9,1493,34.7,57.0,0,0,0,0,0,0
1198,M16057,M,296.9,307.9,1441,47.6,60.0,0,0,0,0,0,0
1199,H30612,H,296.9,307.9,1557,36.5,63.0,0,0,0,0,0,0
1200,M16059,M,296.9,307.9,1979,20.4,,0,0,0,0,0,0
1201,M16060,M,296.9,308.0,1430,55.9,71.0,0,0,0,0,0,0
1202,L48381,L,296.9,308.0,1658,41.0,74.0,0,0,0,0,0,0
1203,M16062,M,297.0,308.1,1355,,76.0,0,0,0,0,0,0
1204,H30617,H,297.0,308.1,1410,47.6,79.0,0,0,0,0,0,0
1205,L48384,L,296.9,308.0,1521,34.5,84.0,0,0,0,0,0,0
1206,L48385,L,296.8,308.0,1371,,,0,0,0,0,0,0
1207,H30620,H,296.9,308.0,1318,53.5,,0,0,0,0,0,0
1208,M16067,M,297.0,308.1,1573,,,0,0,0,0,0,0
1209,L48388,L,297.0,308.1,1489,,96.0,0,0,0,0,0,0
1210,H30623,H,297.0,308.1,2540,13.3,98.0,0,0,0,0,0,0
1211,L48390,L,297.0,308.1,1537,39.0,103.0,0,0,0,0,0,0
1212,H30625,H,296.9,308.0,1416,,,0,0,0,0,0,0
1213,L48392,L,296.9,307.9,1359,,110.0,0,0,0,0,0,0
1214,M16073,M,296.8,307.8,1551,38.9,112.0,0,0,0,0,0,0
1215,M16074,M,296.8,307.8,1694,33.0,,0,0,0,0,0,0
1216,L48395,L,296.8,307.9,1709,28.4,,0,0,0,0,0,0
1217,L48396,L,296.9,308.0,1514,,120.0,0,0,0,0,0,0
1218,L48397,L,297.0,308.1,1455,43.5,122.0,0,0,0,0,0,0
1219,M16078,M,297.0,308.2,1702,30.7,,0,0,0,0,0,0
1220,M16079,M,296.9,308.1,1357,41.8,127.0,0,0,0,0,0,0
1221,L48400,L,297.0,308.2,1577,29.4,130.0,0,0,0,0,0,0
1222,M16081,M,297.0,308.3,1399,46.4,132.0,0,0,0,0,0,1
1223,L48402,L,297.0,308.3,1399,59.0,,0,0,0,0,0,0
1224,L48403,L,297.0,308.3,1492,48.1,137.0,0,0,0,0,0,0
1225,L48404,L,297.1,308.3,1763,,,0,0,0,0,0,0
1226,H30639,H,297.1,308.3,1492,41.5,141.0,0,0,0,0,0,0
1227,L48406,L,297.1,308.4,1488,42.5,146.0,0,0,0,0,0,0
1228,L48407,L,297.1,308.4,1422,42.1,,0,0,0,0,0,0
1229,M16088,M,297.1,308.4,1583,,150.0,0,0,0,0,0,0
1230,L48409,L,297.1,308.4,1304,,153.0,0,0,0,0,0,0
1231,M16090,M,297.1,308.4,1880,23.5,,0,0,0,0,0,0
1232,M16091,M,297.2,308.5,1604,40.7,,0,0,0,0,0,0
1233,L48412,L,297.2,308.6,1500,,,0,0,0,0,0,0
1234,M16093,M,297.2,308.5,1364,55.6,163.0,0,0,0,0,0,0
1235,H30648,H,297.2,308.5,2440,14.0,166.0,0,0,0,0,0,0
1236,H30649,H,297.1,308.4,1654,31.4,171.0,0,0,0,0,0,0
1237,H30650,H,297.1,308.4,1359,46.6,,0,0,0,0,0,0
1238,M16097,M,297.1,308.4,1502,,181.0,0,0,0,0,0,0
1239,M16098,M,297.1,308.4,1615,,,0,0,0,0,0,0
1240,H30653,H,297.2,308.5,1482,,187.0,0,0,0,0,0,0
1241,L48420,L,297.2,308.6,1636,,,0,0,0,0,0,0
1242,M16101,M,297.1,308.5,1621,,194.0,0,0,0,0,0,0
1243,L48422,L,297.1,308.4,1468,44.4,,0,0,0,0,0,0
1244,M16103,M,297.1,308.4,1432,53.4,,0,0,0,0,0,0
1245,L48424,L,297.1,308.4,1726,,202.0,0,0,0,0,0,0
1246,M16105,M,297.1,308.4,1588,33.4,,0,0,0,0,0,0
1247,H30660,H,297.2,308.5,1653,,207.0,0,0,0,0,0,0
1248,L48427,L,297.2,308.5,1513,,,0,0,0,0,0,0
1249,L48428,L,297.2,308.6,1489,40.2,214.0,0,0,0,0,0,0
1250,L48429,L,297.3,308.7,1467,36.8,216.0,0,0,0,0,0,0
1251,L48430,L,297.3,308.7,1549,,218.0,0,0,0,0,0,0
1252,M16111,M,297.4,308.8,1359,48.7,220.0,0,0,0,0,0,0
1253,L48432,L,297.5,308.8,1533,41.5,223.0,0,0,0,0,0,0
1254,L48433,L,297.5,308.8,1309,57.3,,0,0,0,0,0,0
1255,H30668,H,297.5,308.8,1430,,2.0,0,0,0,0,0,0
1256,H30669,H,297.5,308.9,1419,50.7,,0,0,0,0,0,0
1257,M16116,M,297.5,308.9,1535,,12.0,0,0,0,0,0,0
1258,L48437,L,297.5,308.9,1466,,15.0,0,0,0,0,0,0
1259,L48438,L,297.5,308.9,1427,50.4,17.0,0,0,0,0,0,0
1260,M16119,M,297.5,308.9,1280,48.5,,0,0,0,0,0,0
1261,L48440,L,297.6,309.0,1528,33.8,22.0,0,0,0,0,0,0
1262,H30675,H,297.6,309.0,1885,,24.0,0,0,0,0,0,0
1263,H30676,H,297.8,309.2,1648,,29.0,0,0,0,0,0,0
1264,L48443,L,297.8,309.2,1400,56.9,34.0,0,0,0,0,0,0
1265,M16124,M,297.8,309.3,2243,15.7,36.0,0,0,0,0,0,0
1266,L48445,L,297.9,309.4,1558,35.7,,0,0,0,0,0,0
1267,L48446,L,298.0,309.6,1633,,41.0,0,0,0,0,0,0
1268,M16127,M,298.1,309.6,1549,,,0,0,0,0,0,0
1269,L48448,L,298.0,309.5,1496,,,0,0,0,0,0,0
1270,L48449,L,298.1,309.5,1467,41.8,48.0,0,0,0,0,0,0
1271,M16130,M,298.0,309.4,1276,,50.0,0,0,0,0,0,0
1272,H30685,H,298.0,309.4,1490,,53.0,0,0,0,0,0,0
1273,H30686,H,298.0,309.4,1562,,58.0,0,0,0,0,0,0
1274,L48453,L,298.1,309.4,1397,48.2,,0,0,0,0,0,0
1275,H30688,H,298.1,309.5,1530,40.2,65.0,0,0,0,0,0,0
1276,M16135,M,298.1,309.4,1362,47.6,,0,0,0,0,0,0
1277,M16136,M,298.2,309.4,1693,,73.0,0,0,0,0,0,0
1278,M16137,M,298.2,309.4,1408,,76.0,0,0,0,0,0,0
1279,L48458,L,298.2,309.4,1398,52.9,79.0,0,0,0,0,0,0
1280,M16139,M,298.3,309.6,1531,,81.0,0,0,0,0,0,0
1281,H30694,H,298.3,309.5,1521,37.1,,0,0,0,0,0,0
1282,H30695,H,298.3,309.5,1427,54.3,89.0,0,0,0,0,0,0
1283,L48462,L,298.3,309.4,1546,,,0,0,0,0,0,0
1284,L48463,L,298.3,309.4,1356,,96.0,0,0,0,0,0,0
1285,L48464,L,298.4,309.5,2153,15.3,98.0,1,0,0,1,0,0
1286,M16145,M,298.5,309.6,1492,,100.0,0,0,0,0,0,0
1287,L48466,L,298.5,309.6,1582,40.3,103.0,0,0,0,0,0,0
1288,L48467,L,298.5,309.6,1419,,,0,0,0,0,0,0
1289,M16148,M,298.5,309.6,1441,,,0,0,0,0,0,0
1290,M16149,M,298.6,309.7,1635,32.2,110.0,0,0,0,0,0,0
1291,L48470,L,298.6,309.7,1429,,113.0,0,0,0,0,0,0
1292,M16151,M,298.6,309.7,1675,28.4,115.0,0,0,0,0,0,0
1293,M16152,M,298.7,309.7,1868,,118.0,0,0,0,0,0,0
1294,H30707,H,298.7,309.8,1582,,,0,0,0,0,0,0
1295,L48474,L,298.8,309.9,1486,,,0,0,0,0,0,0
1296,L48475,L,298.7,309.8,1402,54.3,128.0,0,0,0,0,0,0
1297,L48476,L,298.7,309.9,1621,34.1,130.0,0,0,0,0,0,0
1298,L48477,L,298.8,309.9,1428,,,0,0,0,0,0,0
1299,M16158,M,298.7,309.8,1343,,134.0,0,0,0,0,0,0
1300,M16159,M,298.7,309.9,1458,40.2,137.0,0,0,0,0,0,0
1301,L48480,L,298.7,309.8,1322,57.0,140.0,0,0,0,0,0,0
1302,L48481,L,298.7,309.9,1483,32.8,142.0,0,0,0,0,0,0
1303,L48482,L,298.6,309.8,1505,,144.0,0,0,0,0,0,1
1304,L48483,L,298.7,309.9,1593,,,0,0,0,0,0,0
1305,L48484,L,298.8,310.0,2098,19.6,,0,0,0,0,0,0
1306,L48485,L,298.8,310.0,1672,30.4,,0,0,0,0,0,0
1307,L48486,L,298.8,310.0,1487,,152.0,0,0,0,0,0,0
1308,L48487,L,298.8,310.0,1423,42.1,154.0,0,0,0,0,0,0
1309,L48488,L,298.9,310.1,1750,,156.0,0,0,0,0,0,0
1310,L48489,L,298.9,310.2,1654,31.1,158.0,0,0,0,0,0,0
1311,L48490,L,298.9,310.2,1498,50.2,160.0,0,0,0,0,0,0
1312,L48491,L,298.9,310.1,1587,30.2,,0,0,0,0,0,0
1313,L48492,L,298.9,310.1,1473,42.6,164.0,0,0,0,0,0,0
1314,L48493,L,298.9,310.2,1359,,166.0,0,0,0,0,0,0
1315,M16174,M,299.0,310.3,1635,34.5,,0,0,0,0,0,0
1316,L48495,L,299.0,310.3,1520,45.0,171.0,0,0,0,0,0,0
1317,L48496,L,299.0,310.3,1507,36.7,173.0,0,0,0,0,0,0
1318,L48497,L,299.0,310.3,1428,46.3,175.0,0,0,0,0,0,0
1319,M16178,M,299.0,310.3,1582,,,0,0,0,0,0,0
1320,L48499,L,299.0,310.3,1929,24.4,180.0,0,0,0,0,0,0
1321,M16180,M,299.0,310.3,1540,38.1,,0,0,0,0,0,0
1322,L48501,L,298.9,310.2,1362,53.0,185.0,0,0,0,0,0,0
1323,H30736,H,298.9,310.1,1452,,187.0,0,0,0,0,0,0
1324,L48503,L,298.9,310.1,1361,51.7,192.0,0,0,0,0,0,0
1325,M16184,M,298.8,310.1,1243,,194.0,1,0,0,1,1,0
1326,H30739,H,298.8,310.1,1567,36.8,,0,0,0,0,0,0
1327,L48506,L,298.9,310.2,1411,,202.0,0,0,0,0,0,0
1328,L48507,L,298.8,310.2,1814,,204.0,0,0,0,0,0,0
1329,M16188,M,298.8,310.1,1719,,206.0,0,0,0,0,0,0
1330,H30743,H,298.8,310.2,1663,,,0,0,0,0,0,0
1331,L48510,L,298.9,310.2,1696,30.2,,0,0,0,0,0,0
1332,H30745,H,298.9,310.2,1771,,216.0,0,0,0,0,0,0
1333,L48512,L,299.0,310.3,1868,24.0,,0,0,0,0,0,0
1334,M16193,M,299.0,310.3,1558,,,0,0,0,0,0,0
1335,L48514,L,299.0,310.4,1365,,226.0,1,0,0,0,1,0
1336,L48515,L,299.0,310.4,1371,,228.0,1,0,0,0,1,0
1337,L48516,L,298.9,310.3,1583,,,0,0,0,0,0,0
1338,H30751,H,298.7,310.2,1613,36.0,,0,0,0,0,0,0
1339,L48518,L,298.6,310.1,1721,,5.0,0,0,0,0,0,0
1340,M16199,M,298.6,310.2,1668,,7.0,0,0,0,0,0,0
1341,L48520,L,298.6,310.2,1569,36.3,10.0,0,0,0,0,0,0
1342,M16201,M,298.6,310.2,1328,,,0,0,0,0,0,0
1343,M16202,M,298.6,310.1,1596,33.0,,0,0,0,0,0,0
1344,L48523,L,298.5,310.2,1676,,18.0,0,0,0,0,0,0
1345,L48524,L,298.5,310.1,1809,28.9,20.0,0,0,0,0,0,0
1346,L48525,L,298.5,310.0,1804,,,0,0,0,0,0,0
1347,L48526,L,298.6,310.1,1533,33.9,,0,0,0,0,0,0
1348,L48527,L,298.7,310.2,1717,,,0,0,0,0,0,0
1349,L48528,L,298.7,310.2,1363,,,0,0,0,0,0,0
1350,L48529,L,298.7,310.2,1402,,30.0,0,0,0,0,0,0
1351,L48530,L,298.7,310.2,1436,47.5,,0,0,0,0,0,0
1352,L48531,L,298.7,310.2,1525,,,0,0,0,0,0,0
1353,M16212,M,298.7,310.2,1598,,36.0,0,0,0,0,0,0
1354,M16213,M,298.6,310.1,1444,48.1,39.0,0,0,0,0,0,0
1355,L48534,L,298.6,310.0,1334,,,0,0,0,0,0,0
1356,M16215,M,298.6,310.0,1681,35.5,44.0,0,0,0,0,0,0
1357,L48536,L,298.6,309.9,1593,,,0,0,0,0,0,0
1358,L48537,L,298.6,309.9,1461,,49.0,0,0,0,0,0,0
1359,M16218,M,298.7,310.1,1693,31.9,51.0,0,0,0,0,0,0
1360,L48539,L,298.7,310.2,1404,,54.0,0,0,0,0,0,0
1361,H30774,H,298.8,310.2,1707,,56.0,0,0,0,0,0,0
1362,M16221,M,298.6,310.1,1458,41.9,,0,0,0,0,0,0
1363,L48542,L,298.6,310.0,1517,41.2,,0,0,0,0,0,0
1364,L48543,L,298.7,310.1,1433,,,0,0,0,0,0,0
1365,L48544,L,298.7,310.2,1566,,,0,0,0,0,0,0
1366,L48545,L,298.7,310.1,1676,33.5,,0,0,0,0,0,0
1367,M16226,M,298.7,310.1,1368,,72.0,0,0,0,0,0,0
1368,M16227,M,298.8,310.2,1581,37.5,75.0,0,0,0,0,0,0
1369,H30782,H,298.8,310.3,1708,,78.0,0,0,0,0,0,0
1370,M16229,M,298.7,310.3,1481,41.5,83.0,0,0,0,0,0,0
1371,L48550,L,298.7,310.3,1451,,86.0,0,0,0,0,0,0
1372,M16231,M,298.7,310.3,1495,38.7,,0,0,0,0,0,0
1373,M16232,M,298.8,310.3,1573,41.8,91.0,0,0,0,0,0,0
1374,M16233,M,298.8,310.3,1366,,94.0,0,0,0,0,0,0
1375,L48554,L,298.8,310.3,1553,36.8,97.0,0,0,0,0,0,0
1376,M16235,M,298.8,310.3,1528,37.1,99.0,0,0,0,0,0,0
1377,M16236,M,298.8,310.2,1527,31.2,,0,0,0,0,0,0
1378,L48557,L,298.8,310.2,1461,,,0,0,0,0,0,0
1379,H30792,H,298.8,310.2,1455,,,0,0,0,0,0,0
1380,L48559,L,298.7,310.1,1620,34.8,112.0,0,0,0,0,0,0
1381,L48560,L,298.7,310.1,1786,,114.0,0,0,0,0,0,0
1382,M16241,M,298.8,310.2,1583,,,0,0,0,0,0,0
1383,L48562,L,298.8,310.1,1653,,119.0,0,0,0,0,0,0
1384,M16243,M,298.9,310.2,1331,,121.0,0,0,0,0,0,0
1385,L48564,L,298.9,310.3,1484,,124.0,0,0,0,0,0,0
1386,M16245,M,298.9,310.2,1603,,126.0,0,0,0,0,0,0
1387,L48566,L,298.9,310.2,1445,40.0,129.0,0,0,0,0,0,0
1388,L48567,L,298.9,310.1,1823,,131.0,0,0,0,0,0,0
1389,H30802,H,298.9,310.1,1491,,133.0,0,0,0,0,0,0
1390,L48569,L,298.9,310.2,1533,,138.0,0,0,0,0,0,0
1391,L48570,L,298.9,310.2,1409,54.8,140.0,0,0,0,0,0,0
1392,L48571,L,298.9,310.2,2737,,,1,0,0,1,0,0
1393,M16252,M,299.0,310.3,1494,46.6,144.0,0,0,0,0,0,0
1394,L48573,L,299.1,310.4,1594,33.3,147.0,0,0,0,0,0,0
1395,L48574,L,299.1,310.4,1527,44.0,,0,0,0,0,0,0
1396,L48575,L,299.1,310.4,1452,39.7,151.0,0,0,0,0,0,0
1397,L48576,L,299.0,310.3,1483,39.2,153.0,0,0,0,0,0,0
1398,L48577,L,299.1,310.2,1569,38.2,155.0,0,0,0,0,0,0
1399,L48578,L,299.1,310.3,1472,,157.0,0,0,0,0,0,0
1400,L48579,L,299.0,310.2,1533,,,0,0,0,0,0,0
1401,H30814,H,298.9,310.1,1366,,,0,0,0,0,0,0
1402,H30815,H,298.9,310.2,1532,,,0,0,0,0,0,0
1403,M16262,M,298.9,310.1,1313,56.8,171.0,0,0,0,0,0,0
1404,L48583,L,299.0,310.2,1372,48.0,,0,0,0,0,0,0
1405,M16264,M,298.9,310.1,1555,,,0,0,0,0,0,0
1406,L48585,L,298.9,310.1,1394,42.7,179.0,0,0,0,0,0,0
1407,L48586,L,298.9,310.1,1442,,181.0,0,0,0,0,0,0
1408,L48587,L,298.9,310.0,1564,33.8,183.0,0,0,0,0,0,0
1409,L48588,L,298.9,310.0,1452,,185.0,0,0,0,0,0,0
1410,L48589,L,298.9,310.1,1466,42.5,,0,0,0,0,0,0
1411,M16270,M,298.9,310.1,1469,,189.0,0,0,0,0,0,0
1412,L48591,L,298.9,310.1,1944,,192.0,0,0,0,0,0,0
1413,M16272,M,298.8,309.9,1415,53.2,,0,0,0,0,0,0
1414,M16273,M,298.7,309.8,1528,36.7,,0,0,0,0,0,0
1415,M16274,M,298.7,309.8,1570,42.1,200.0,0,0,0,0,0,0
1416,L48595,L,298.7,309.9,1617,33.0,203.0,0,0,0,0,0,0
1417,M16276,M,298.7,309.9,2083,,205.0,0,0,0,0,0,0
1418,L48597,L,298.7,309.9,1541,38.5,,0,0,0,0,0,0
1419,L48598,L,298.8,309.9,1320,,210.0,0,0,0,0,0,0
1420,L48599,L,298.7,309.8,1354,53.3,,1,0,0,0,1,0
1421,M16280,M,298.8,309.9,1495,35.2,,0,0,0,0,0,0
1422,L48601,L,298.7,309.8,1589,31.8,,0,0,0,0,0,0
1423,L48602,L,298.7,309.8,1530,35.5,,0,0,0,0,0,0
1424,L48603,L,298.7,309.8,1539,33.4,2.0,0,0,0,0,0,0
1425,L48604,L,298.7,309.7,1462,,4.0,0,0,0,0,0,0
1426,L48605,L,298.6,309.7,1356,54.0,6.0,0,0,0,0,0,0
1427,M16286,M,298.7,309.7,1622,34.6,8.0,0,0,0,0,0,0
1428,L48607,L,298.7,309.8,1394,40.3,,0,0,0,0,0,0
1429,L48608,L,298.8,309.9,1568,33.7,,0,0,0,0,0,0
1430,M16289,M,298.9,310.0,1456,,,0,0,0,0,0,0
1431,L48610,L,298.9,310.0,1378,,18.0,0,0,0,0,0,0
1432,M16291,M,298.9,309.9,1404,41.4,20.0,0,0,0,0,0,0
1433,L48612,L,298.8,309.8,1437,,,0,0,0,0,0,0
1434,L48613,L,298.8,309.8,1363,44.0,,0,0,0,0,0,0
1435,M16294,M,298.8,309.8,1377,,27.0,0,0,0,0,0,0
1436,H30849,H,298.8,309.9,1526,,,0,0,0,0,0,0
1437,H30850,H,298.8,309.8,1510,44.2,,0,0,0,0,0,0
1438,H30851,H,298.8,309.9,1439,,40.0,1,0,0,0,0,0
1439,L48618,L,298.8,309.9,1482,,45.0,0,0,0,0,0,0
1440,M16299,M,298.8,309.8,1534,,,0,0,0,0,0,0
1441,M16300,M,298.8,309.9,1741,27.7,50.0,0,0,0,0,0,0
1442,L48621,L,298.8,309.9,1550,38.8,53.0,0,0,0,0,0,0
1443,M16302,M,298.8,310.0,1486,38.5,55.0,0,0,0,0,0,0
1444,L48623,L,298.9,310.1,1602,38.2,58.0,0,0,0,0,0,0
1445,L48624,L,299.0,310.2,1477,37.9,60.0,0,0,0,0,0,0
1446,L48625,L,299.0,310.1,1618,,62.0,0,0,0,0,0,0
1447,M16306,M,299.0,310.2,1628,35.8,,0,0,0,0,0,0
1448,M16307,M,299.0,310.3,1662,,67.0,0,0,0,0,0,0
1449,M16308,M,299.0,310.3,1657,31.0,,0,0,0,0,0,0
1450,H30863,H,299.0,310.4,1677,,,0,0,0,0,0,0
1451,M16310,M,299.0,310.3,1447,,,0,0,0,0,0,0
1452,L48631,L,298.9,310.4,1831,25.4,,0,0,0,0,0,0
1453,L48632,L,299.0,310.3,1584,,83.0,0,0,0,0,0,0
1454,L48633,L,299.1,310.4,1450,40.9,,0,0,0,0,0,0
1455,L48634,L,299.1,310.4,1428,46.9,,0,0,0,0,0,0
1456,L48635,L,299.0,310.4,1382,53.0,,0,0,0,0,0,0
1457,L48636,L,299.0,310.3,1501,43.0,91.0,0,0,0,0,0,0
1458,L48637,L,299.0,310.3,1475,42.4,93.0,0,0,0,0,0,0
1459,L48638,L,298.9,310.3,1364,,95.0,0,0,0,0,0,0
1460,L48639,L,299.0,310.3,1472,36.1,97.0,0,0,0,0,0,0
1461,L48640,L,299.0,310.3,1437,,,0,0,0,0,0,0
1462,L48641,L,298.9,310.2,1491,,101.0,0,0,0,0,0,0
1463,L48642,L,298.9,310.2,1706,27.6,103.0,0,0,0,0,0,0
1464,L48643,L,298.8,310.1,1607,,,0,0,0,0,0,0
1465,L48644,L,298.8,310.0,1412,46.3,,0,0,0,0,0,0
1466,L48645,L,298.7,309.8,1546,40.9,109.0,0,0,0,0,0,0
1467,L48646,L,298.7,309.8,1365,,111.0,0,0,0,0,0,0
1468,L48647,L,298.6,309.8,1544,30.2,113.0,0,0,0,0,0,0
1469,M16328,M,298.6,309.8,1419,44.9,115.0,0,0,0,0,0,0
1470,L48649,L,298.6,309.8,1497,41.6,118.0,0,0,0,0,0,0
1471,L48650,L,298.5,309.7,1437,,,0,0,0,0,0,0
1472,L48651,L,298.5,309.6,1421,53.6,,0,0,0,0,0,0
1473,M16332,M,298.5,309.6,1438,44.5,124.0,0,0,0,0,0,0
1474,M16333,M,298.5,309.5,1315,,127.0,0,0,0,0,0,0
1475,M16334,M,298.5,309.5,1366,61.9,130.0,0,0,0,0,0,0
1476,M16335,M,298.4,309.5,1519,35.4,133.0,0,0,0,0,0,0
1477,L48656,L,298.4,309.5,1692,,136.0,0,0,0,0,0,0
1478,L48657,L,298.3,309.4,1570,35.6,138.0,0,0,0,0,0,0
1479,L48658,L,298.3,309.4,1568,35.8,140.0,0,0,0,0,0,0
1480,L48659,L,298.2,309.3,1355,,142.0,0,0,0,0,0,0
1481,M16340,M,298.2,309.3,2056,18.7,144.0,0,0,0,0,0,0
1482,M16341,M,298.2,309.2,1332,60.2,147.0,0,0,0,0,0,0
1483,M16342,M,298.1,309.1,1448,52.5,150.0,0,0,0,0,0,0
1484,L48663,L,298.0,308.9,1578,,153.0,0,0,0,0,0,0
1485,M16344,M,298.0,309.0,1562,,,0,0,0,0,0,0
1486,M16345,M,298.1,309.0,1976,19.3,,0,0,0,0,0,0
1487,M16346,M,298.2,309.2,1524,,161.0,0,0,0,0,0,0
1488,L48667,L,298.2,309.1,1429,,,0,0,0,0,0,0
1489,L48668,L,298.2,309.1,1568,,,0,0,0,0,0,0
1490,M16349,M,298.2,309.0,1723,,168.0,0,0,0,0,0,0
1491,L48670,L,298.2,309.0,1341,,,0,0,0,0,0,0
1492,M16351,M,298.1,308.9,1353,,173.0,0,0,0,0,0,0
1493,M16352,M,298.0,308.7,1479,58.5,,1,0,0,1,0,0
1494,L48673,L,298.0,308.8,1496,44.9,179.0,0,0,0,0,0,0
1495,M16354,M,298.0,308.7,1377,,181.0,0,0,0,0,0,0
1496,H30909,H,297.9,308.5,1383,,,0,0,0,0,0,0
1497,L48676,L,298.0,308.7,1268,69.4,,1,0,0,1,1,0
1498,L48677,L,298.0,308.7,1629,34.3,,0,0,0,0,0,0
1499,L48678,L,298.0,308.8,1790,,193.0,0,0,0,0,0,0
1500,M16359,M,298.1,308.8,2206,16.3,195.0,0,0,0,0,0,0
1501,M16360,M,298.0,308.7,2101,,198.0,0,0,0,0,0,0
1502,M16361,M,298.0,308.7,1436,48.2,201.0,0,0,0,0,0,0
1503,L48682,L,298.0,308.7,1462,,204.0,0,0,0,0,0,0
1504,L48683,L,298.0,308.7,1771,26.2,,0,0,0,0,0,0
1505,L48684,L,298.0,308.7,1506,47.0,208.0,0,0,0,0,0,0
1506,L48685,L,298.0,308.7,1626,36.7,210.0,0,0,0,0,0,0
1507,L48686,L,298.0,308.8,1610,,212.0,0,0,0,0,0,0
1508,M16367,M,298.0,308.6,1376,,214.0,0,0,0,0,0,0
1509,M16368,M,298.0,308.6,1507,,217.0,0,0,0,0,0,0
1510,L48689,L,298.0,308.5,1429,37.7,220.0,1,1,0,0,0,0
1511,M16370,M,298.1,308.7,1547,,0.0,0,0,0,0,0,0
1512,L48691,L,298.1,308.7,1642,30.3,,0,0,0,0,0,0
1513,H30926,H,298.0,308.7,1503,36.3,5.0,0,0,0,0,0,0
1514,L48693,L,298.1,308.7,1568,32.9,,0,0,0,0,0,0
1515,M16374,M,298.1,308.8,1628,37.6,,0,0,0,0,0,0
1516,M16375,M,298.2,308.9,1614,35.5,,0,0,0,0,0,0
1517,L48696,L,298.2,308.9,1278,54.0,18.0,0,0,0,0,0,0
1518,M16377,M,298.2,308.9,1408,38.8,20.0,0,0,0,0,0,0
1519,H30932,H,298.2,309.0,1371,55.7,,0,0,0,0,0,0
1520,M16379,M,298.2,308.9,1512,,28.0,0,0,0,0,0,0
1521,L48700,L,298.3,309.1,1472,,31.0,0,0,0,0,0,0
1522,M16381,M,298.2,308.9,1585,34.3,,0,0,0,0,0,0
1523,H30936,H,298.2,309.0,1562,,,0,0,0,0,0,0
1524,L48703,L,298.3,309.0,1519,36.9,41.0,0,0,0,0,0,0
1525,L48704,L,298.2,309.0,1601,35.8,43.0,0,0,0,0,0,0
1526,L48705,L,298.2,309.0,2449,13.8,45.0,0,0,0,0,0,0
1527,L48706,L,298.1,309.0,1787,27.6,47.0,0,0,0,0,0,0
1528,H30941,H,298.1,309.1,1425,,,0,0,0,0,0,0
1529,L48708,L,298.1,309.0,1559,,,0,0,0,0,0,0
1530,L48709,L,298.1,309.0,1557,,56.0,0,0,0,0,0,0
1531,L48710,L,298.1,309.0,1497,40.5,,0,0,0,0,0,0
1532,H30945,H,298.1,309.0,1438,,60.0,0,0,0,0,0,0
1533,M16392,M,298.1,308.9,1417,,65.0,0,0,0,0,0,0
1534,M16393,M,298.0,308.9,1339,51.4,68.0,0,0,0,0,0,0
1535,L48714,L,298.0,308.8,1757,,71.0,0,0,0,0,0,0
1536,L48715,L,298.0,308.8,1581,,73.0,0,0,0,0,0,0
1537,M16396,M,298.2,308.9,1326,54.4,,0,0,0,0,0,0
1538,M16397,M,298.4,309.1,1467,39.6,,0,0,0,0,0,0
1539,L48718,L,298.4,309.1,1798,29.6,81.0,0,0,0,0,0,0
1540,M16399,M,298.5,309.2,1449,,83.0,0,0,0,0,0,0
1541,M16400,M,298.4,309.1,1525,39.3,,0,0,0,0,0,0
1542,L48721,L,298.4,309.0,2304,,,0,0,0,0,0,0
1543,L48722,L,298.3,308.9,1379,54.7,91.0,0,0,0,0,0,0
1544,L48723,L,298.4,308.9,1628,34.9,,0,0,0,0,0,0
1545,L48724,L,298.4,309.0,1474,,95.0,0,0,0,0,0,0
1546,M16405,M,298.4,309.0,1544,38.8,97.0,0,0,0,0,0,0
1547,L48726,L,298.4,308.9,1391,48.4,,0,0,0,0,0,0
1548,L48727,L,298.3,308.9,1348,55.5,102.0,0,0,0,0,0,0
1549,M16408,M,298.3,308.8,1349,,,0,0,0,0,0,0
1550,L48729,L,298.4,308.9,1706,,,0,0,0,0,0,0
1551,L48730,L,298.4,308.9,1638,,,0,0,0,0,0,0
1552,L48731,L,298.4,308.8,1458,,111.0,0,0,0,0,0,0
1553,L48732,L,298.5,308.9,1781,27.8,113.0,0,0,0,0,0,0
1554,L48733,L,298.5,308.8,1332,59.1,,0,0,0,0,0,0
1555,M16414,M,298.4,308.7,1584,,,0,0,0,0,0,0
1556,L48735,L,298.4,308.6,1491,42.0,,0,0,0,0,0,0
1557,H30970,H,298.4,308.5,1398,,122.0,0,0,0,0,0,0
1558,L48737,L,298.3,308.4,1585,30.6,,0,0,0,0,0,0
1559,M16418,M,298.2,308.3,1476,43.5,,0,0,0,0,0,0
1560,L48739,L,298.2,308.3,1458,,,0,0,0,0,0,0
1561,M16420,M,298.2,308.4,1510,39.9,134.0,0,0,0,0,0,0
1562,L48741,L,298.2,308.4,1388,53.8,137.0,0,0,0,0,0,0
1563,L48742,L,298.2,308.3,2216,,139.0,0,0,0,0,0,0
1564,L48743,L,298.2,308.3,1402,,141.0,0,0,0,0,0,0
1565,M16424,M,298.0,308.2,2090,,,0,0,0,0,0,0
1566,L48745,L,298.0,308.2,1459,42.1,146.0,0,0,0,0,0,0
1567,M16426,M,298.0,308.1,1403,44.8,148.0,0,0,0,0,0,0
1568,L48747,L,298.1,308.2,1521,39.3,,0,0,0,0,0,0
1569,L48748,L,298.2,308.2,1407,47.1,153.0,0,0,0,0,0,0
1570,M16429,M,298.1,308.2,1654,35.3,,0,0,0,0,0,0
1571,L48750,L,298.2,308.4,1452,,158.0,0,0,0,0,0,0
1572,L48751,L,298.3,308.4,1528,37.3,160.0,0,0,0,0,0,0
1573,L48752,L,298.2,308.3,1230,,162.0,0,0,0,0,0,0
1574,L48753,L,298.2,308.2,1466,42.4,,0,0,0,0,0,0
1575,L48754,L,298.2,308.2,1478,50.1,166.0,0,0,0,0,0,0
1576,L48755,L,298.2,308.3,2057,18.0,,0,0,0,0,0,0
1577,L48756,L,298.3,308.4,1490,,,0,0,0,0,0,0
1578,L48757,L,298.3,308.4,1484,43.4,172.0,0,0,0,0,0,0
1579,L48758,L,298.3,308.4,1593,37.0,174.0,0,0,0,0,0,0
1580,L48759,L,298.3,308.3,1444,43.8,176.0,0,0,0,0,0,0
1581,M16440,M,298.3,308.4,1444,,178.0,0,0,0,0,0,0
1582,M16441,M,298.2,308.3,1560,,,0,0,0,0,0,0
1583,H30996,H,298.1,308.3,1530,42.0,184.0,0,0,0,0,0,0
1584,L48763,L,298.2,308.4,1310,61.0,189.0,1,0,0,0,1,0
1585,M16444,M,298.2,308.3,1639,,,0,0,0,0,0,0
1586,L48765,L,298.2,308.3,1400,48.7,,0,0,0,0,0,0
1587,M16446,M,298.3,308.4,1486,44.2,196.0,0,0,0,0,0,0
1588,M16447,M,298.2,308.3,1448,,199.0,0,0,0,0,0,0
1589,L48768,L,298.2,308.3,1688,32.0,202.0,0,0,0,0,0,0
1590,M16449,M,298.1,308.3,1453,,204.0,0,0,0,0,0,0
1591,L48770,L,298.2,308.4,1497,,207.0,0,0,0,0,0,0
1592,L48771,L,298.2,308.4,1355,,209.0,0,0,0,0,0,0
1593,L48772,L,298.1,308.4,1592,,,0,0,0,0,0,0
1594,L48773,L,298.0,308.3,1544,,213.0,0,0,0,0,0,0
1595,M16454,M,298.0,308.2,1373,51.2,215.0,0,0,0,0,0,0
1596,L48775,L,298.0,308.2,1365,,218.0,1,0,0,0,1,0
1597,L48776,L,298.0,308.1,1877,,0.0,0,0,0,0,0,0
1598,L48777,L,297.9,308.1,1531,40.8,2.0,0,0,0,0,0,0
1599,L48778,L,297.9,308.0,1501,36.7,,0,0,0,0,0,0
1600,L48779,L,297.9,308.0,1490,,6.0,0,0,0,0,0,0
1601,M16460,M,297.8,307.8,1543,,,0,0,0,0,0,0
1602,L48781,L,297.8,307.8,1597,38.2,,0,0,0,0,0,0
1603,H31016,H,297.8,307.9,1600,,13.0,0,0,0,0,0,0
1604,M16463,M,297.8,307.8,1622,32.1,18.0,0,0,0,0,0,0
1605,L48784,L,297.8,307.8,1452,,,0,0,0,0,0,0
1606,L48785,L,297.8,307.8,1396,,,0,0,0,0,0,0
1607,L48786,L,297.8,307.7,1505,,25.0,0,0,0,0,0,0
1608,L48787,L,297.8,307.8,1412,,,0,0,0,0,0,0
1609,L48788,L,297.8,307.7,1393,,29.0,0,0,0,0,0,0
1610,L48789,L,297.7,307.7,1581,34.9,31.0,0,0,0,0,0,0
1611,L48790,L,297.8,307.8,1573,37.9,,0,0,0,0,0,0
1612,M16471,M,297.8,307.9,1726,27.3,35.0,0,0,0,0,0,0
1613,M16472,M,297.9,307.9,1540,39.8,38.0,0,0,0,0,0,0
1614,L48793,L,297.9,308.0,1296,62.9,,0,0,0,0,0,0
1615,M16474,M,297.8,307.9,1802,25.8,,0,0,0,0,0,0
1616,L48795,L,297.8,307.9,1447,,46.0,0,0,0,0,0,0
1617,H31030,H,297.8,307.8,1662,,48.0,0,0,0,0,0,0
1618,L48797,L,297.8,307.8,1563,34.3,53.0,0,0,0,0,0,0
1619,L48798,L,297.9,307.8,1286,59.5,,0,0,0,0,0,0
1620,L48799,L,297.9,307.7,1590,,,0,0,0,0,0,0
1621,L48800,L,297.9,307.7,1492,,59.0,0,0,0,0,0,0
1622,L48801,L,297.7,307.6,1844,,,0,0,0,0,0,0
1623,H31036,H,297.7,307.6,1538,,63.0,0,0,0,0,0,0
1624,L48803,L,297.7,307.6,1921,22.9,68.0,0,0,0,0,0,0
1625,M16484,M,297.8,307.8,1310,57.9,,0,0,0,0,0,0
1626,L48805,L,297.9,307.8,1365,46.9,,0,0,0,0,0,0
1627,M16486,M,297.9,307.8,1303,59.3,,0,0,0,0,0,0
1628,L48807,L,297.9,307.8,1499,,78.0,0,0,0,0,0,0
1629,L48808,L,297.9,307.8,1451,,80.0,0,0,0,0,0,0
1630,M16489,M,297.9,307.9,1336,54.4,82.0,0,0,0,0,0,0
1631,L48810,L,297.9,307.9,1412,44.5,,0,0,0,0,0,0
1632,L48811,L,298.0,308.0,1433,,,0,0,0,0,0,0
1633,L48812,L,297.9,307.9,1426,43.6,89.0,0,0,0,0,0,0
1634,L48813,L,297.9,307.9,1476,45.2,91.0,0,0,0,0,0,0
1635,H31048,H,297.9,307.9,1406,,,0,0,0,0,0,0
1636,L48815,L,297.8,307.8,1383,56.5,,0,0,0,0,0,0
1637,L48816,L,297.9,307.8,1505,37.3,,0,0,0,0,0,0
1638,L48817,L,297.9,307.8,1665,33.9,102.0,0,0,0,0,0,0
1639,L48818,L,297.9,307.8,1397,45.0,,0,0,0,0,0,0
1640,M16499,M,297.9,307.8,1450,43.5,,0,0,0,0,0,0
1641,L48820,L,298.0,307.8,1567,36.4,,0,0,0,0,0,0
1642,M16501,M,298.0,308.0,1555,37.0,111.0,0,0,0,0,0,0
1643,H31056,H,298.0,307.8,1588,,114.0,0,0,0,0,0,0
1644,L48823,L,298.0,307.8,1453,,,0,0,0,0,0,0
1645,L48824,L,298.0,307.8,1622,33.3,121.0,0,0,0,0,0,0
1646,L48825,L,297.9,307.8,1538,,123.0,0,0,0,0,0,0
1647,M16506,M,297.9,307.7,1527,,125.0,0,0,0,0,0,0
1648,L48827,L,297.8,307.8,1761,,128.0,0,0,0,0,0,0
1649,L48828,L,297.9,307.8,1373,,130.0,0,0,0,0,0,0
1650,H31063,H,298.0,307.9,1482,37.8,132.0,0,0,0,0,0,0
1651,M16510,M,298.0,307.9,1417,,137.0,0,0,0,0,0,0
1652,L48831,L,298.0,307.8,1414,,140.0,0,0,0,0,0,0
1653,H31066,H,297.9,307.8,1635,34.0,,0,0,0,0,0,0
1654,L48833,L,298.0,307.8,1386,,,0,0,0,0,0,0
1655,L48834,L,298.2,308.1,1379,62.3,149.0,0,0,0,0,0,0
1656,M16515,M,298.2,308.0,1577,35.9,,0,0,0,0,0,0
1657,L48836,L,298.2,308.1,1532,,,0,0,0,0,0,0
1658,M16517,M,298.1,308.0,1374,48.8,,0,0,0,0,0,0
1659,H31072,H,298.1,308.0,1570,35.3,159.0,0,0,0,0,0,0
1660,L48839,L,298.1,308.0,1697,,,0,0,0,0,0,0
1661,L48840,L,298.2,308.0,1499,,166.0,0,0,0,0,0,0
1662,M16521,M,298.2,308.0,1411,47.2,168.0,0,0,0,0,0,0
1663,H31076,H,298.2,307.9,1462,,,0,0,0,0,0,0
1664,M16523,M,298.1,307.9,1759,,,0,0,0,0,0,0
1665,L48844,L,298.2,308.0,1535,38.0,179.0,0,0,0,0,0,0
1666,H31079,H,298.2,307.9,1491,39.7,,0,0,0,0,0,0
1667,L48846,L,298.2,307.9,1551,,,0,0,0,0,0,0
1668,L48847,L,298.2,307.9,1769,,188.0,0,0,0,0,0,0
1669,L48848,L,298.2,307.9,1551,34.1,190.0,0,0,0,0,0,0
1670,L48849,L,298.2,307.9,1544,31.4,,0,0,0,0,0,0
1671,L48850,L,298.2,307.8,1528,,,0,0,0,0,0,0
1672,L48851,L,298.1,307.9,1614,35.8,,0,0,0,0,0,0
1673,L48852,L,298.1,307.8,1432,,,0,0,0,0,0,0
1674,M16533,M,298.1,307.8,1384,43.7,200.0,0,0,0,0,0,0
1675,L48854,L,298.1,307.8,1540,,203.0,0,0,0,0,0,0
1676,L48855,L,298.0,307.7,1407,43.9,205.0,0,0,0,0,0,0
1677,H31090,H,297.9,307.6,1418,43.0,,0,0,0,0,0,0
1678,M16537,M,297.9,307.5,1647,,212.0,0,0,0,0,0,0
1679,L48858,L,298.0,307.5,1644,32.8,,0,0,0,0,0,0
1680,L48859,L,298.0,307.5,1792,27.9,,0,0,0,0,0,0
1681,M16540,M,297.9,307.4,1610,,,0,0,0,0,0,0
1682,M16541,M,297.8,307.3,1804,,222.0,0,0,0,0,0,0
1683,H31096,H,297.9,307.4,1604,36.1,225.0,1,1,0,0,0,0
1684,M16543,M,297.9,307.4,1403,,,0,0,0,0,0,0
1685,L48864,L,297.8,307.3,1438,44.5,3.0,0,0,0,0,0,0
1686,L48865,L,297.9,307.3,1824,,5.0,0,0,0,0,0,0
1687,H31100,H,297.9,307.3,1663,,,0,0,0,0,0,0
1688,L48867,L,297.9,307.3,1502,,12.0,0,0,0,0,0,0
1689,L48868,L,297.9,307.4,1606,35.5,14.0,0,0,0,0,0,0
1690,L48869,L,297.9,307.5,1561,,16.0,0,0,0,0,0,0
1691,M16550,M,297.9,307.4,1435,,18.0,0,0,0,0,0,0
1692,L48871,L,297.9,307.5,1602,38.3,,0,0,0,0,0,0
1693,M16552,M,298.1,307.6,1764,,,0,0,0,0,0,0
1694,H31107,H,298.0,307.5,1683,27.8,26.0,0,0,0,0,0,0
1695,L48874,L,298.0,307.5,1618,,31.0,0,0,0,0,0,0
1696,L48875,L,298.0,307.6,1509,41.6,33.0,0,0,0,0,0,0
1697,L48876,L,297.9,307.6,1550,,35.0,0,0,0,0,0,0
1698,M16557,M,297.9,307.6,1519,,37.0,0,0,0,0,0,0
1699,L48878,L,297.9,307.6,1481,38.0,40.0,0,0,0,0,0,0
1700,L48879,L,298.1,307.7,1289,,42.0,0,0,0,0,0,0
1701,M16560,M,298.0,307.6,1844,23.8,44.0,0,0,0,0,0,0
1702,L48881,L,298.0,307.7,1479,42.5,,0,0,0,0,0,0
1703,L48882,L,298.0,307.7,1430,,49.0,0,0,0,0,0,0
1704,M16563,M,298.1,307.8,1636,36.7,51.0,0,0,0,0,0,0
1705,M16564,M,298.1,307.8,1503,44.7,54.0,0,0,0,0,0,0
1706,M16565,M,298.1,307.8,1608,32.6,57.0,0,0,0,0,0,0
1707,L48886,L,298.2,307.8,1521,,60.0,0,0,0,0,0,0
1708,L48887,L,298.2,307.8,1439,,62.0,0,0,0,0,0,0
1709,L48888,L,298.2,307.8,1627,31.5,,0,0,0,0,0,0
1710,L48889,L,298.2,307.8,1749,26.1,66.0,0,0,0,0,0,0
1711,L48890,L,298.2,307.8,1530,,,0,0,0,0,0,0
1712,L48891,L,298.2,307.8,1355,,,0,0,0,0,0,0
1713,L48892,L,298.3,307.9,1551,33.8,,0,0,0,0,0,0
1714,L48893,L,298.2,307.8,1515,46.7,,0,0,0,0,0,0
1715,L48894,L,298.2,307.8,1388,48.6,76.0,0,0,0,0,0,0
1716,L48895,L,298.2,307.8,1585,34.6,,0,0,0,0,0,0
1717,L48896,L,298.1,307.7,1523,37.7,80.0,0,0,0,0,0,0
1718,L48897,L,298.2,307.6,1369,54.5,,0,0,0,0,0,0
1719,M16578,M,298.2,307.7,1681,,,0,0,0,0,0,0
1720,L48899,L,298.2,307.7,1503,38.3,87.0,0,0,0,0,0,0
1721,L48900,L,298.2,307.7,1459,44.5,89.0,0,0,0,0,0,0
1722,L48901,L,298.2,307.7,1688,,91.0,0,0,0,0,0,0
1723,M16582,M,298.2,307.7,1952,,,0,0,0,0,0,0
1724,L48903,L,298.2,307.8,2029,,96.0,0,0,0,0,0,0
1725,M16584,M,298.3,307.8,1457,52.5,,0,0,0,0,0,0
1726,M16585,M,298.3,307.8,1392,,,0,0,0,0,0,0
1727,L48906,L,298.3,307.8,1906,22.1,,0,0,0,0,0,0
1728,M16587,M,298.3,307.7,1602,33.4,,0,0,0,0,0,0
1729,L48908,L,298.3,307.7,1465,,109.0,0,0,0,0,0,0
1730,M16589,M,298.3,307.7,1439,,111.0,0,0,0,0,0,0
1731,M16590,M,298.3,307.8,1330,,,0,0,0,0,0,0
1732,M16591,M,298.3,307.9,1485,,117.0,0,0,0,0,0,0
1733,H31146,H,298.4,307.9,1700,28.2,,0,0,0,0,0,0
1734,L48913,L,298.4,308.0,1515,,,0,0,0,0,0,0
1735,M16594,M,298.5,308.1,1501,39.2,,0,0,0,0,0,0
1736,L48915,L,298.4,308.0,1380,,130.0,0,0,0,0,0,0
1737,L48916,L,298.4,307.9,1544,,132.0,0,0,0,0,0,0
1738,L48917,L,298.4,307.9,1743,27.3,134.0,0,0,0,0,0,0
1739,H31152,H,298.4,307.9,1948,,,0,0,0,0,0,0
1740,H31153,H,298.5,307.9,1260,,141.0,0,0,0,0,0,0
1741,M16600,M,298.5,307.9,1640,33.1,146.0,0,0,0,0,0,0
1742,M16601,M,298.5,308.0,1363,,149.0,0,0,0,0,0,0
1743,L48922,L,298.5,308.0,1379,49.6,152.0,0,0,0,0,0,0
1744,M16603,M,298.5,308.0,1713,,,0,0,0,0,0,0
1745,M16604,M,298.5,308.0,1461,,,0,0,0,0,0,0
1746,L48925,L,298.5,308.0,1624,29.8,,0,0,0,0,0,0
1747,L48926,L,298.4,308.0,1526,41.1,,0,0,0,0,0,0
1748,L48927,L,298.4,307.9,2381,,164.0,0,0,0,0,0,0
1749,H31162,H,298.4,307.7,1626,,166.0,0,0,0,0,0,1
1750,L48929,L,298.3,307.7,1576,,,0,0,0,0,0,0
1751,M16610,M,298.4,307.8,1617,,,0,0,0,0,0,0
1752,L48931,L,298.3,307.6,1942,20.6,176.0,0,0,0,0,0,0
1753,L48932,L,298.2,307.6,1492,,178.0,0,0,0,0,0,0
1754,L48933,L,298.2,307.5,1470,,180.0,0,0,0,0,0,0
1755,M16614,M,298.0,307.4,1463,,,0,0,0,0,0,0
1756,L48935,L,298.0,307.3,1424,,185.0,0,0,0,0,0,0
1757,M16616,M,298.1,307.4,1363,,187.0,0,0,0,0,0,0
1758,M16617,M,298.1,307.4,1335,,190.0,0,0,0,0,0,0
1759,L48938,L,298.1,307.4,1608,,,0,0,0,0,0,0
1760,H31173,H,298.0,307.4,1606,,195.0,0,0,0,0,0,0
1761,L48940,L,298.1,307.5,1684,,,0,0,0,0,0,0
1762,L48941,L,298.1,307.6,1950,,,0,0,0,0,0,0
1763,H31176,H,298.2,307.6,1460,,204.0,0,0,0,0,0,0
1764,L48943,L,298.2,307.6,1511,31.0,209.0,1,1,0,0,0,0
1765,H31178,H,298.2,307.6,1318,,0.0,0,0,0,0,0,0
1766,L48945,L,298.2,307.6,1368,,,0,0,0,0,0,0
1767,M16626,M,298.3,307.7,1717,27.1,,0,0,0,0,0,0
1768,M16627,M,298.3,307.7,1520,41.4,10.0,0,0,0,0,0,0
1769,M16628,M,298.3,307.8,1485,42.0,,0,0,0,0,0,0
1770,L48949,L,298.4,307.9,1981,23.2,16.0,0,0,0,0,0,0
1771,H31184,H,298.4,307.9,1605,31.0,18.0,0,0,0,0,0,0
1772,L48951,L,298.4,307.9,1446,,,0,0,0,0,0,0
1773,L48952,L,298.4,308.0,1508,47.9,,0,0,0,0,0,0
1774,L48953,L,298.5,308.0,1384,,27.0,0,0,0,0,0,0
1775,M16634,M,298.5,308.0,1519,37.3,29.0,0,0,0,0,0,0
1776,L48955,L,298.5,308.0,1404,,,0,0,0,0,0,0
1777,L48956,L,298.5,308.1,1564,31.1,,0,0,0,0,0,0
1778,H31191,H,298.6,308.2,1555,,36.0,0,0,0,0,0,0
1779,L48958,L,298.6,308.2,1325,,,0,0,0,0,0,0
1780,M16639,M,298.6,308.2,1488,,43.0,0,0,0,0,0,0
1781,L48960,L,298.5,308.2,1595,,46.0,0,0,0,0,0,0
1782,L48961,L,298.5,308.1,1662,28.6,48.0,0,0,0,0,0,0
1783,L48962,L,298.4,308.0,1571,37.4,50.0,0,0,0,0,0,0
1784,H31197,H,298.3,308.0,1553,,52.0,0,0,0,0,0,0
1785,L48964,L,298.3,308.0,2886,3.8,,1,0,0,1,0,0
1786,L48965,L,298.2,308.0,1538,38.2,59.0,0,0,0,0,0,0
1787,L48966,L,298.4,308.2,1618,33.0,,0,0,0,0,0,0
1788,L48967,L,298.4,308.2,1364,,63.0,0,0,0,0,0,0
1789,L48968,L,298.3,308.0,1442,47.3,65.0,0,0,0,0,0,0
1790,L48969,L,298.2,307.9,1313,,67.0,1,0,0,1,0,0
1791,L48970,L,298.2,307.9,1847,23.6,69.0,0,0,0,0,0,0
1792,L48971,L,298.1,307.8,1524,40.8,71.0,0,0,0,0,0,0
1793,M16652,M,298.1,307.7,1445,,73.0,0,0,0,0,0,0
1794,L48973,L,298.1,307.8,1761,28.2,76.0,0,0,0,0,0,0
1795,M16654,M,298.1,307.8,1514,43.5,,0,0,0,0,0,0
1796,M16655,M,298.1,307.7,1498,38.3,81.0,0,0,0,0,0,0
1797,H31210,H,298.1,307.6,1542,,84.0,0,0,0,0,0,0
1798,M16657,M,298.0,307.6,1508,41.8,,0,0,0,0,0,0
1799,M16658,M,298.0,307.5,1431,,,0,0,0,0,0,0
1800,M16659,M,298.0,307.5,1427,45.1,95.0,0,0,0,0,0,0
1801,M16660,M,298.0,307.5,1524,36.3,98.0,0,0,0,0,0,0
1802,M16661,M,298.0,307.5,1427,,101.0,0,0,0,0,0,0
1803,H31216,H,298.1,307.6,1496,44.1,104.0,0,0,0,0,0,0
1804,L48983,L,298.1,307.7,1388,40.3,,0,0,0,0,0,0
1805,L48984,L,298.1,307.7,1495,,111.0,0,0,0,0,0,0
1806,H31219,H,298.1,307.7,1376,56.2,,0,0,0,0,0,0
1807,H31220,H,298.0,307.6,1593,32.2,,0,0,0,0,0,0
1808,L48987,L,298.0,307.6,1654,28.9,,0,0,0,0,0,0
1809,L48988,L,298.1,307.7,2567,12.8,,1,0,0,1,0,0
1810,L48989,L,298.1,307.7,1767,27.0,,0,0,0,0,0,0
1811,L48990,L,298.1,307.6,1364,53.8,,0,0,0,0,0,0
1812,M16671,M,298.1,307.8,1569,,,0,0,0,0,0,0
1813,L48992,L,298.2,307.8,1476,,134.0,0,0,0,0,0,0
1814,L48993,L,298.1,307.7,1479,,,0,0,0,0,0,0
1815,L48994,L,298.1,307.7,1650,,138.0,0,0,0,0,0,0
1816,M16675,M,298.1,307.6,1565,36.3,,0,0,0,0,0,0
1817,L48996,L,298.1,307.6,1460,46.5,143.0,0,0,0,0,0,0
1818,L48997,L,298.1,307.7,1664,27.6,,0,0,0,0,0,0
1819,M16678,M,298.1,307.7,1435,,,0,0,0,0,0,0
1820,M16679,M,298.1,307.6,2066,,,0,0,0,0,0,0
1821,L49000,L,298.1,307.5,1493,,153.0,0,0,0,0,0,0
1822,L49001,L,298.1,307.6,1354,43.3,,0,0,0,0,0,0
1823,L49002,L,298.1,307.6,1488,39.4,157.0,0,0,0,0,0,0
1824,L49003,L,298.1,307.7,1414,48.7,,0,0,0,0,0,0
1825,L49004,L,298.1,307.5,1391,57.4,161.0,0,0,0,0,0,0
1826,M16685,M,298.0,307.5,1784,27.8,163.0,0,0,0,0,0,0
1827,H31240,H,297.8,307.3,1516,,166.0,0,0,0,0,0,0
1828,M16687,M,297.9,307.3,1420,,171.0,0,0,0,0,0,0
1829,L49008,L,297.8,307.2,1351,56.3,,0,0,0,0,0,0
1830,L49009,L,297.8,307.2,1880,23.0,176.0,0,0,0,0,0,0
1831,L49010,L,297.8,307.3,1859,24.0,178.0,0,0,0,0,0,0
1832,M16691,M,297.8,307.3,1315,54.0,180.0,0,0,0,0,0,0
1833,M16692,M,297.8,307.4,1330,51.7,183.0,0,0,0,0,0,0
1834,L49013,L,297.8,307.3,1327,61.0,,1,0,0,0,1,0
1835,L49014,L,297.8,307.2,1498,38.1,188.0,0,0,0,0,0,0
1836,H31249,H,297.8,307.3,1555,,190.0,0,0,0,0,0,0
1837,L49016,L,297.7,307.2,1518,35.8,,0,0,0,0,0,0
1838,L49017,L,297.7,307.2,1392,43.0,,0,0,0,0,0,0
1839,M16698,M,297.8,307.2,1456,39.6,,0,0,0,0,0,0
1840,L49019,L,297.7,307.1,1715,30.2,0.0,0,0,0,0,0,0
1841,M16700,M,297.7,307.2,1405,43.7,,0,0,0,0,0,0
1842,L49021,L,297.7,307.2,1668,,,0,0,0,0,0,0
1843,H31256,H,297.7,307.1,1855,22.5,7.0,0,0,0,0,0,0
1844,L49023,L,297.6,307.1,1496,39.2,,0,0,0,0,0,0
1845,M16704,M,297.6,307.1,1471,,14.0,0,0,0,0,0,0
1846,L49025,L,297.7,307.2,1444,,17.0,0,0,0,0,0,0
1847,H31260,H,297.7,307.3,1514,38.6,,0,0,0,0,0,0
1848,L49027,L,297.8,307.3,1412,50.7,24.0,0,0,0,0,0,0
1849,H31262,H,297.7,307.2,1429,,26.0,0,0,0,0,0,0
1850,L49029,L,297.7,307.2,1668,32.7,31.0,0,0,0,0,0,0
1851,M16710,M,297.7,307.2,1372,52.8,33.0,0,0,0,0,0,0
1852,M16711,M,297.7,307.3,1365,49.2,36.0,0,0,0,0,0,0
1853,M16712,M,297.6,307.1,1526,39.1,39.0,0,0,0,0,0,0
1854,L49033,L,297.6,307.2,1486,40.6,,0,0,0,0,0,0
1855,M16714,M,297.6,307.2,1470,42.6,,0,0,0,0,0,0
1856,H31269,H,297.7,307.3,1249,62.8,,0,0,0,0,0,0
1857,M16716,M,297.8,307.4,1752,,52.0,0,0,0,0,0,0
1858,L49037,L,297.7,307.4,1643,,55.0,0,0,0,0,0,0
1859,M16718,M,297.8,307.4,1488,,,0,0,0,0,0,0
1860,L49039,L,297.8,307.4,1355,45.8,60.0,0,0,0,0,0,0
1861,L49040,L,297.8,307.6,1607,30.3,,0,0,0,0,0,0
1862,M16721,M,297.9,307.6,1609,30.3,64.0,0,0,0,0,0,0
1863,L49042,L,297.9,307.7,1517,44.4,67.0,0,0,0,0,0,0
1864,M16723,M,297.9,307.7,1517,,,0,0,0,0,0,0
1865,L49044,L,297.9,307.7,1546,,,0,0,0,0,0,0
1866,L49045,L,297.9,307.7,1567,,74.0,0,0,0,0,0,0
1867,M16726,M,298.1,307.9,1662,28.9,76.0,0,0,0,0,0,0
1868,L49047,L,298.1,307.9,1502,41.8,,0,0,0,0,0,0
1869,L49048,L,298.3,308.0,1361,,81.0,0,0,0,0,0,0
1870,M16729,M,298.3,308.1,1630,,83.0,0,0,0,0,0,0
1871,L49050,L,298.3,308.0,1486,,,0,0,0,0,0,0
1872,L49051,L,298.3,308.1,1840,21.5,,0,0,0,0,0,0
1873,L49052,L,298.3,308.1,1326,,90.0,0,0,0,0,0,0
1874,L49053,L,298.4,308.1,1367,57.8,92.0,0,0,0,0,0,0
1875,L49054,L,298.4,308.1,1598,32.7,94.0,0,0,0,0,0,0
1876,L49055,L,298.3,308.0,1363,50.1,96.0,0,0,0,0,0,0
1877,L49056,L,298.3,308.0,1242,62.0,98.0,0,0,0,0,0,0
1878,M16737,M,298.2,307.8,1566,,,0,0,0,0,0,0
1879,M16738,M,298.1,307.7,1424,47.7,,0,0,0,0,0,0
1880,M16739,M,298.2,307.7,1608,33.8,,0,0,0,0,0,0
1881,L49060,L,298.1,307.7,1705,29.1,,0,0,0,0,0,0
1882,L49061,L,298.0,307.6,1548,,,0,0,0,0,0,0
1883,M16742,M,298.0,307.6,1581,43.4,,0,0,0,0,0,0
1884,M16743,M,298.0,307.6,1472,46.7,116.0,0,0,0,0,0,0
1885,M16744,M,298.0,307.6,1792,,119.0,0,0,0,0,0,0
1886,L49065,L,298.0,307.6,1683,,,0,0,0,0,0,0
1887,L49066,L,297.9,307.6,1503,,,0,0,0,0,0,0
1888,M16747,M,297.9,307.5,1642,32.4,126.0,0,0,0,0,0,0
1889,M16748,M,297.8,307.4,1902,,129.0,0,0,0,0,0,0
1890,H31303,H,297.7,307.4,1432,40.2,132.0,0,0,0,0,0,0
1891,L49070,L,297.8,307.4,1512,40.8,137.0,0,0,0,0,0,0
1892,L49071,L,297.7,307.4,1764,29.0,139.0,0,0,0,0,0,0
1893,M16752,M,297.8,307.4,1438,43.6,,0,0,0,0,0,0
1894,L49073,L,297.8,307.5,1631,,144.0,0,0,0,0,0,0
1895,H31308,H,297.9,307.5,1880,,,0,0,0,0,0,0
1896,L49075,L,297.9,307.6,1344,,151.0,0,0,0,0,0,0
1897,L49076,L,297.9,307.5,1574,35.8,153.0,0,0,0,0,0,0
1898,L49077,L,297.8,307.4,1418,41.2,155.0,0,0,0,0,0,0
1899,L49078,L,297.8,307.5,1372,,157.0,0,0,0,0,0,0
1900,L49079,L,297.8,307.5,1388,40.0,159.0,0,0,0,0,0,0
1901,H31314,H,297.9,307.6,1493,36.0,161.0,0,0,0,0,0,0
1902,M16761,M,297.9,307.6,1505,40.1,166.0,0,0,0,0,0,0
1903,L49082,L,298.0,307.6,1694,29.1,169.0,0,0,0,0,0,0
1904,L49083,L,297.9,307.6,1968,20.4,171.0,0,0,0,0,0,0
1905,M16764,M,298.0,307.6,1569,35.6,173.0,0,0,0,0,0,0
1906,L49085,L,297.9,307.6,1687,29.1,,0,0,0,0,0,0
1907,L49086,L,297.9,307.6,1430,,178.0,0,0,0,0,0,0
1908,L49087,L,297.9,307.6,1504,42.4,,0,0,0,0,0,0
1909,L49088,L,297.9,307.6,1977,20.2,182.0,0,0,0,0,0,0
1910,L49089,L,298.0,307.7,1435,,184.0,0,0,0,0,0,0
1911,H31324,H,298.0,307.7,1547,,186.0,0,0,0,0,0,0
1912,M16771,M,298.1,307.8,1316,57.2,191.0,0,0,0,0,0,0
1913,M16772,M,298.0,307.7,1621,,,0,0,0,0,0,0
1914,M16773,M,298.0,307.8,1492,,,0,0,0,0,0,0
1915,L49094,L,298.0,307.7,1643,,,0,0,0,0,0,0
1916,L49095,L,298.0,307.7,1492,38.7,202.0,0,0,0,0,0,0
1917,L49096,L,298.0,307.7,1387,,,0,0,0,0,0,0
1918,M16777,M,298.1,307.9,1463,,,0,0,0,0,0,0
1919,M16778,M,298.1,307.9,1496,,0.0,0,0,0,0,0,0
1920,L49099,L,298.2,308.0,1658,30.0,3.0,0,0,0,0,0,0
1921,L49100,L,298.1,307.9,2161,,,0,0,0,0,0,0
1922,L49101,L,298.1,307.9,1665,32.0,7.0,0,0,0,0,0,0
1923,L49102,L,298.0,307.8,1716,26.6,,0,0,0,0,0,0
1924,L49103,L,298.0,307.7,1529,,11.0,0,0,0,0,0,0
1925,L49104,L,297.9,307.7,1353,,13.0,0,0,0,0,0,0
1926,L49105,L,297.9,307.7,1537,37.7,15.0,0,0,0,0,0,0
1927,L49106,L,298.0,307.7,1606,,17.0,0,0,0,0,0,0
1928,H31341,H,298.0,307.8,1314,,,0,0,0,0,0,0
1929,L49108,L,298.0,307.8,1623,,24.0,0,0,0,0,0,0
1930,M16789,M,298.0,307.8,1483,,26.0,0,0,0,0,0,0
1931,M16790,M,298.1,307.9,1569,37.0,29.0,0,0,0,0,0,0
1932,M16791,M,298.2,308.0,1969,,,0,0,0,0,0,0
1933,M16792,M,298.1,308.0,1686,,35.0,0,0,0,0,0,0
1934,L49113,L,298.1,308.0,1638,,,0,0,0,0,0,0
1935,L49114,L,298.1,307.9,1698,,,0,0,0,0,0,0
1936,M16795,M,298.1,307.9,1377,55.1,42.0,0,0,0,0,0,0
1937,M16796,M,298.1,308.0,2129,18.4,45.0,0,0,0,0,0,0
1938,L49117,L,298.2,308.0,1411,42.4,48.0,0,0,0,0,0,0
1939,L49118,L,298.1,307.9,1517,,50.0,0,0,0,0,0,0
1940,M16799,M,298.1,307.9,1303,53.9,,0,0,0,0,0,0
1941,L49120,L,298.1,307.9,1578,35.6,55.0,0,0,0,0,0,0
1942,L49121,L,298.1,307.9,1425,,57.0,0,0,0,0,0,0
1943,L49122,L,298.1,308.0,1456,,59.0,0,0,0,0,0,0
1944,L49123,L,298.1,308.0,1704,,61.0,0,0,0,0,0,0
1945,L49124,L,298.1,308.1,1791,27.3,63.0,0,0,0,0,0,0
1946,L49125,L,298.1,308.1,1616,,,0,0,0,0,0,0
1947,L49126,L,298.2,308.1,1622,34.9,67.0,0,0,0,0,0,0
1948,L49127,L,298.2,308.1,1462,,69.0,0,0,0,0,0,0
1949,L49128,L,298.1,308.1,1410,45.8,,0,0,0,0,0,0
1950,M16809,M,298.1,308.0,1543,,73.0,0,0,0,0,0,0
1951,M16810,M,298.0,307.9,1479,,,0,0,0,0,0,0
1952,L49131,L,298.0,307.8,1839,,79.0,0,0,0,0,0,0
1953,L49132,L,298.0,307.8,1266,60.5,81.0,0,0,0,0,0,0
1954,L49133,L,297.9,307.7,1593,,83.0,0,0,0,0,0,0
1955,L49134,L,297.9,307.8,1459,,,0,0,0,0,0,0
1956,L49135,L,297.9,307.7,1308,,87.0,0,0,0,0,0,0
1957,M16816,M,297.9,307.7,1364,,89.0,0,0,0,0,0,0
1958,H31371,H,297.9,307.7,1618,,92.0,0,0,0,0,0,0
1959,H31372,H,297.9,307.7,1464,,97.0,0,0,0,0,0,0
1960,M16819,M,297.8,307.6,1352,49.4,,0,0,0,0,0,0
1961,L49140,L,297.8,307.6,1446,51.4,105.0,0,0,0,0,0,0
1962,L49141,L,297.8,307.5,1448,,107.0,0,0,0,0,0,0
1963,L49142,L,297.8,307.5,1391,48.6,,0,0,0,0,0,0
1964,L49143,L,297.7,307.5,1379,,111.0,0,0,0,0,0,0
1965,M16824,M,297.8,307.5,1405,46.9,113.0,0,0,0,0,0,0
1966,L49145,L,297.8,307.5,1581,33.1,116.0,0,0,0,0,0,0
1967,L49146,L,297.9,307.6,1515,,,0,0,0,0,0,0
1968,L49147,L,297.9,307.6,1589,,120.0,0,0,0,0,0,0
1969,L49148,L,298.0,307.6,1281,50.8,122.0,0,0,0,0,0,0
1970,H31383,H,297.8,307.5,1631,31.3,124.0,0,0,0,0,0,0
1971,M16830,M,297.9,307.6,1202,67.0,,0,0,0,0,0,0
1972,L49151,L,297.9,307.6,1298,,,0,0,0,0,0,0
1973,L49152,L,297.9,307.6,1612,,,0,0,0,0,0,0
1974,L49153,L,297.9,307.6,1747,,136.0,0,0,0,0,0,0
1975,L49154,L,298.0,307.6,1450,,,0,0,0,0,0,0
1976,L49155,L,298.0,307.7,1422,,,0,0,0,0,0,0
1977,M16836,M,298.1,307.7,1419,47.4,142.0,0,0,0,0,0,0
1978,M16837,M,298.1,307.7,1633,,145.0,0,0,0,0,0,0
1979,L49158,L,298.0,307.7,1442,,,0,0,0,0,0,0
1980,H31393,H,298.0,307.6,1420,45.8,,0,0,0,0,0,0
1981,M16840,M,298.0,307.6,1301,,,0,0,0,0,0,0
1982,L49161,L,298.0,307.6,1385,45.0,158.0,0,0,0,0,0,0
1983,M16842,M,298.0,307.7,1487,41.3,160.0,0,0,0,0,0,0
1984,M16843,M,298.0,307.6,1459,,163.0,0,0,0,0,0,0
1985,M16844,M,298.0,307.5,1387,45.5,166.0,0,0,0,0,0,0
1986,L49165,L,298.1,307.7,1537,,169.0,0,0,0,0,0,0
1987,L49166,L,298.1,307.6,1498,42.9,,0,0,0,0,0,0
1988,M16847,M,298.2,307.8,1599,31.2,173.0,0,0,0,0,0,0
1989,H31402,H,298.3,307.9,1420,39.2,,0,0,0,0,0,0
1990,L49169,L,298.2,307.9,1785,,,0,0,0,0,0,0
1991,L49170,L,298.2,307.8,1423,,,0,0,0,0,0,0
1992,M16851,M,298.2,307.8,1583,,185.0,0,0,0,0,0,0
1993,L49172,L,298.2,307.8,1375,,,0,0,0,0,0,0
1994,M16853,M,298.3,308.0,1463,42.5,190.0,0,0,0,0,0,0
1995,M16854,M,298.2,307.9,1403,45.1,,0,0,0,0,0,0
1996,L49175,L,298.3,308.0,1451,,196.0,0,0,0,0,0,0
1997,M16856,M,298.4,308.0,1416,,,1,1,0,0,0,0
1998,L49177,L,298.3,308.1,1672,41.3,,0,0,0,0,0,0
1999,H31412,H,298.3,308.0,1637,,2.0,0,0,0,0,0,0
2000,L49179,L,298.4,308.0,1540,37.8,,0,0,0,0,0,0
2001,L49180,L,298.4,308.1,1279,53.1,9.0,0,0,0,0,0,0
2002,L49181,L,298.4,308.2,1604,34.9,,0,0,0,0,0,0
2003,L49182,L,298.5,308.2,1654,27.1,,0,0,0,0,0,0
2004,M16863,M,298.5,308.2,1564,37.5,15.0,0,0,0,0,0,0
2005,L49184,L,298.5,308.2,1451,47.5,,0,0,0,0,0,0
2006,L49185,L,298.5,308.3,1504,,,0,0,0,0,0,0
2007,M16866,M,298.5,308.3,1381,50.5,22.0,0,0,0,0,0,0
2008,L49187,L,298.6,308.4,1562,,,0,0,0,0,0,0
2009,L49188,L,298.5,308.3,1811,,27.0,0,0,0,0,0,0
2010,M16869,M,298.6,308.3,1717,28.7,29.0,0,0,0,0,0,0
2011,L49190,L,298.6,308.3,1278,60.5,,0,0,0,0,0,0
2012,L49191,L,298.7,308.5,1616,30.2,34.0,0,0,0,0,0,0
2013,L49192,L,298.6,308.4,1397,,,0,0,0,0,0,0
2014,L49193,L,298.6,308.4,1485,42.9,,0,0,0,0,0,0
2015,L49194,L,298.6,308.4,1310,59.7,40.0,0,0,0,0,0,0
2016,L49195,L,298.5,308.2,1301,66.3,42.0,1,0,0,1,0,0
2017,L49196,L,298.5,308.3,1458,,,0,0,0,0,0,0
2018,L49197,L,298.7,308.5,1483,,46.0,0,0,0,0,0,0
2019,L49198,L,298.7,308.5,1375,46.4,,0,0,0,0,0,0
2020,M16879,M,298.7,308.5,1660,,50.0,0,0,0,0,0,0
2021,H31434,H,298.7,308.4,1560,,,0,0,0,0,0,0
2022,L49201,L,298.7,308.5,1480,42.2,58.0,0,0,0,0,0,0
2023,L49202,L,298.7,308.4,1373,46.9,60.0,0,0,0,0,0,0
2024,L49203,L,298.7,308.5,1444,54.2,62.0,0,0,0,0,0,0
2025,M16884,M,298.7,308.6,1722,,64.0,0,0,0,0,0,0
2026,L49205,L,298.7,308.5,1469,,,0,0,0,0,0,0
2027,M16886,M,298.7,308.5,1360,,69.0,0,0,0,0,0,0
2028,L49207,L,298.7,308.4,1750,,72.0,0,0,0,0,0,0
2029,M16888,M,298.7,308.3,1349,46.6,74.0,0,0,0,0,0,0
2030,L49209,L,298.7,308.5,1668,35.2,77.0,0,0,0,0,0,0
2031,L49210,L,298.9,308.6,1400,49.5,79.0,0,0,0,0,0,0
2032,L49211,L,298.8,308.6,1331,62.8,81.0,0,0,0,0,0,0
2033,L49212,L,298.8,308.5,1444,,,0,0,0,0,0,0
2034,H31447,H,298.8,308.5,1359,,85.0,0,0,0,0,0,0
2035,M16894,M,298.8,308.5,1425,47.4,90.0,0,0,0,0,0,0
2036,M16895,M,298.9,308.6,1469,,,0,0,0,0,0,0
2037,L49216,L,299.0,308.7,1892,22.8,,0,0,0,0,0,0
2038,H31451,H,299.0,308.7,1940,19.9,98.0,0,0,0,0,0,0
2039,L49218,L,299.0,308.8,1405,,,0,0,0,0,0,0
2040,M16899,M,299.0,308.9,1449,,105.0,0,0,0,0,0,0
2041,L49220,L,299.1,308.9,1686,,108.0,0,0,0,0,0,0
2042,L49221,L,299.1,308.9,1680,27.2,110.0,0,0,0,0,0,0
2043,M16902,M,299.1,308.9,1397,,112.0,0,0,0,0,0,0
2044,M16903,M,299.2,309.0,1597,30.3,115.0,0,0,0,0,0,0
2045,L49224,L,299.3,309.1,1470,41.1,,0,0,0,0,0,0
2046,M16905,M,299.3,309.1,1703,31.3,120.0,0,0,0,0,0,0
2047,L49226,L,299.3,309.1,1388,45.5,123.0,0,0,0,0,0,0
2048,L49227,L,299.3,309.2,1775,24.2,125.0,0,0,0,0,0,0
2049,L49228,L,299.3,309.2,1465,41.5,127.0,0,0,0,0,0,0
2050,M16909,M,299.3,309.2,1586,37.9,,0,0,0,0,0,0
2051,M16910,M,299.5,309.3,1675,29.2,132.0,0,0,0,0,0,0
2052,M16911,M,299.4,309.2,1470,,135.0,0,0,0,0,0,0
2053,L49232,L,299.5,309.3,1477,40.4,138.0,0,0,0,0,0,0
2054,L49233,L,299.5,309.3,1382,61.0,,0,0,0,0,0,0
2055,M16914,M,299.6,309.4,1605,29.8,142.0,0,0,0,0,0,0
2056,L49235,L,299.6,309.4,1643,32.9,145.0,0,0,0,0,0,0
2057,L49236,L,299.5,309.3,1333,54.1,147.0,0,0,0,0,0,0
2058,L49237,L,299.5,309.3,1520,,149.0,0,0,0,0,0,0
2059,M16918,M,299.5,309.3,1902,,151.0,0,0,0,0,0,0
2060,H31473,H,299.5,309.4,1386,44.4,154.0,0,0,0,0,0,0
2061,L49240,L,299.6,309.5,1803,27.7,,0,0,0,0,0,0
2062,L49241,L,299.7,309.6,1359,,,0,0,0,0,0,0
2063,M16922,M,299.7,309.6,1477,,163.0,0,0,0,0,0,0
2064,L49243,L,299.7,309.6,1321,,166.0,0,0,0,0,0,0
2065,L49244,L,299.6,309.5,1453,,168.0,0,0,0,0,0,0
2066,L49245,L,299.7,309.6,1419,45.1,170.0,0,0,0,0,0,0
2067,L49246,L,299.7,309.6,1512,,,0,0,0,0,0,0
2068,L49247,L,299.7,309.6,1553,36.8,,0,0,0,0,0,0
2069,M16928,M,299.7,309.6,1534,39.1,176.0,0,0,0,0,0,0
2070,H31483,H,299.7,309.6,1553,,179.0,0,0,0,0,0,0
2071,L49250,L,299.7,309.5,1352,49.7,,0,0,0,0,0,0
2072,M16931,M,299.7,309.6,1313,60.0,,0,0,0,0,0,0
2073,L49252,L,299.6,309.5,1570,,,0,0,0,0,0,1
2074,L49253,L,299.6,309.4,1677,,,0,0,0,0,0,0
2075,L49254,L,299.5,309.4,1602,,193.0,0,0,0,0,0,0
2076,L49255,L,299.5,309.4,1390,,195.0,1,0,0,0,1,0
2077,L49256,L,299.4,309.3,1544,,197.0,0,0,0,0,0,0
2078,L49257,L,299.4,309.4,1701,,,0,0,0,0,0,0
2079,M16938,M,299.4,309.3,1692,,,0,0,0,0,0,0
2080,M16939,M,299.3,309.3,1523,37.9,204.0,0,0,0,0,0,0
2081,L49260,L,299.3,309.2,2280,15.4,207.0,0,0,0,0,0,0
2082,M16941,M,299.4,309.3,1485,47.1,209.0,0,0,0,0,0,0
2083,H31496,H,299.4,309.2,1513,36.1,,0,0,0,0,0,0
2084,H31497,H,299.4,309.3,1743,,0.0,0,0,0,0,0,0
2085,L49264,L,299.5,309.3,1442,,,0,0,0,0,0,0
2086,L49265,L,299.5,309.3,1462,46.7,7.0,0,0,0,0,0,0
2087,H31500,H,299.4,309.3,1439,49.7,9.0,0,0,0,0,0,0
2088,L49267,L,299.5,309.3,1577,36.6,,0,0,0,0,0,0
2089,L49268,L,299.6,309.4,1331,46.4,16.0,0,0,0,0,0,0
2090,L49269,L,299.5,309.3,1941,,18.0,0,0,0,0,0,0
2091,L49270,L,299.5,309.2,1393,47.3,,0,0,0,0,0,0
2092,L49271,L,299.4,309.2,1433,,22.0,0,0,0,0,0,0
2093,L49272,L,299.4,309.2,1444,,,0,0,0,0,0,0
2094,L49273,L,299.4,309.2,1564,,26.0,0,0,0,0,0,0
2095,L49274,L,299.4,309.3,1377,,28.0,0,0,0,0,0,0
2096,L49275,L,299.4,309.3,1525,,30.0,0,0,0,0,0,0
2097,M16956,M,299.5,309.4,1387,56.2,32.0,0,0,0,0,0,0
2098,M16957,M,299.4,309.4,1326,47.5,35.0,0,0,0,0,0,0
2099,L49278,L,299.4,309.3,1401,59.0,38.0,0,0,0,0,0,0
2100,L49279,L,299.4,309.3,1596,,40.0,0,0,0,0,0,0
2101,M16960,M,299.3,309.3,1471,,42.0,0,0,0,0,0,0
2102,L49281,L,299.3,309.3,1528,37.8,,0,0,0,0,0,0
2103,L49282,L,299.3,309.3,1325,,47.0,0,0,0,0,0,0
2104,M16963,M,299.3,309.1,1376,46.7,49.0,0,0,0,0,0,0
2105,M16964,M,299.3,309.1,1600,,52.0,0,0,0,0,0,0
2106,L49285,L,299.3,309.1,1495,,55.0,0,0,0,0,0,0
2107,L49286,L,299.4,309.1,1645,28.6,,0,0,0,0,0,0
2108,M16967,M,299.4,309.1,1417,,59.0,0,0,0,0,0,0
2109,H31522,H,299.4,309.0,1415,51.7,62.0,0,0,0,0,0,0
2110,M16969,M,299.3,309.0,1496,,,0,0,0,0,0,0
2111,H31524,H,299.3,309.0,1508,,,0,0,0,0,0,0
2112,L49291,L,299.4,309.0,1436,47.9,75.0,0,0,0,0,0,0
2113,L49292,L,299.5,309.1,1852,22.6,,0,0,0,0,0,0
2114,L49293,L,299.5,309.1,1863,,79.0,0,0,0,0,0,0
2115,H31528,H,299.4,309.1,1373,44.1,,0,0,0,0,0,0
2116,L49295,L,299.4,309.0,1404,47.3,86.0,0,0,0,0,0,0
2117,M16976,M,299.4,309.0,1381,44.9,88.0,0,0,0,0,0,0
2118,H31531,H,299.4,308.9,1762,,91.0,0,0,0,0,0,0
2119,H31532,H,299.3,308.9,1429,43.0,96.0,0,0,0,0,0,0
2120,M16979,M,299.3,308.9,1858,24.7,101.0,0,0,0,0,0,0
2121,H31534,H,299.2,308.8,1908,,,0,0,0,0,0,0
2122,M16981,M,299.2,308.8,1503,37.4,109.0,0,0,0,0,0,0
2123,M16982,M,299.2,308.8,1523,,112.0,0,0,0,0,0,0
2124,L49303,L,299.3,309.0,1491,38.4,115.0,0,0,0,0,0,0
2125,L49304,L,299.2,308.9,1430,,117.0,0,0,0,0,0,0
2126,L49305,L,299.3,308.9,1258,69.4,,1,0,0,1,0,0
2127,L49306,L,299.3,309.0,1449,46.5,121.0,0,0,0,0,0,0
2128,H31541,H,299.3,309.0,1425,40.6,,0,0,0,0,0,0
2129,L49308,L,299.4,309.0,1800,24.3,128.0,0,0,0,0,0,0
2130,H31543,H,299.4,309.0,1607,33.7,130.0,0,0,0,0,0,0
2131,L49310,L,299.4,309.0,1391,58.2,135.0,0,0,0,0,0,0
2132,L49311,L,299.4,309.1,1432,,,0,0,0,0,0,0
2133,L49312,L,299.4,309.0,1660,28.4,139.0,0,0,0,0,0,0
2134,H31547,H,299.3,309.0,1732,29.7,141.0,0,0,0,0,0,0
2135,L49314,L,299.3,309.0,1473,,,0,0,0,0,0,0
2136,L49315,L,299.3,309.0,1511,47.8,148.0,0,0,0,0,0,0
2137,L49316,L,299.2,308.9,1588,41.5,150.0,0,0,0,0,0,0
2138,L49317,L,299.3,308.9,1623,,,0,0,0,0,0,0
2139,L49318,L,299.3,309.0,1734,30.6,154.0,0,0,0,0,0,0
2140,L49319,L,299.3,309.0,1415,47.6,156.0,0,0,0,0,0,0
2141,L49320,L,299.3,309.0,1419,46.6,158.0,0,0,0,0,0,0
2142,M17001,M,299.3,308.9,1577,,,0,0,0,0,0,0
2143,L49322,L,299.3,308.9,1376,60.3,,0,0,0,0,0,0
2144,M17003,M,299.3,308.8,1442,,165.0,0,0,0,0,0,0
2145,L49324,L,299.4,308.9,1451,40.5,168.0,0,0,0,0,0,0
2146,L49325,L,299.3,308.8,1550,,,0,0,0,0,0,0
2147,L49326,L,299.3,308.8,1647,32.9,172.0,0,0,0,0,0,0
2148,L49327,L,299.4,308.9,1550,,,0,0,0,0,0,0
2149,L49328,L,299.4,308.9,1583,34.1,176.0,0,0,0,0,0,0
2150,L49329,L,299.4,309.0,1613,32.2,178.0,0,0,0,0,0,0
2151,H31564,H,299.3,308.8,1636,,,0,0,0,0,0,0
2152,M17011,M,299.3,308.7,1289,51.5,,0,0,0,0,0,0
2153,M17012,M,299.3,308.8,1648,28.4,188.0,0,0,0,0,0,0
2154,H31567,H,299.3,308.8,1397,,,0,0,0,0,0,0
2155,M17014,M,299.3,308.9,1767,,,0,0,0,0,0,0
2156,L49335,L,299.3,308.8,1341,,199.0,0,0,0,0,0,0
2157,M17016,M,299.4,308.9,1457,,201.0,0,0,0,0,0,0
2158,M17017,M,299.4,309.0,1939,19.8,204.0,0,0,0,0,0,0
2159,M17018,M,299.5,309.0,1399,,207.0,0,0,0,0,0,0
2160,M17019,M,299.5,309.0,1602,31.3,210.0,0,0,0,0,0,0
2161,L49340,L,299.4,309.0,1507,41.0,,0,0,0,0,0,0
2162,L49341,L,299.4,309.1,1464,40.5,215.0,0,0,0,0,0,0
2163,L49342,L,299.5,309.1,1336,42.1,217.0,0,0,0,0,0,0
2164,L49343,L,299.6,309.2,1422,,219.0,0,0,0,0,0,0
2165,L49344,L,299.6,309.2,1540,36.7,221.0,0,0,0,0,0,0
2166,L49345,L,299.5,309.1,1476,,,0,0,0,0,0,0
2167,M17026,M,299.6,309.2,1867,23.4,225.0,1,1,0,0,0,0
2168,H31581,H,299.6,309.1,1588,,0.0,0,0,0,0,0,0
2169,M17028,M,299.5,309.1,1420,,,0,0,0,0,0,0
2170,L49349,L,299.5,309.1,1415,,,0,0,0,0,0,0
2171,M17030,M,299.4,309.1,1500,43.3,10.0,0,0,0,0,0,0
2172,L49351,L,299.5,309.1,1502,,13.0,0,0,0,0,0,0
2173,L49352,L,299.5,309.2,1816,,,0,0,0,0,0,0
2174,M17033,M,299.5,309.2,1495,41.6,17.0,0,0,0,0,0,0
2175,L49354,L,299.6,309.2,1572,33.4,,0,0,0,0,0,0
2176,M17035,M,299.5,309.2,1590,,,0,0,0,0,0,0
2177,M17036,M,299.6,309.3,1387,48.3,,0,0,0,0,0,0
2178,M17037,M,299.6,309.2,1393,,28.0,0,0,0,0,0,0
2179,L49358,L,299.6,309.2,1602,,31.0,0,0,0,0,0,0
2180,L49359,L,299.6,309.2,1601,33.3,33.0,0,0,0,0,0,0
2181,H31594,H,299.6,309.2,1597,,35.0,0,0,0,0,0,0
2182,H31595,H,299.5,309.1,1548,44.3,40.0,0,0,0,0,0,0
2183,M17042,M,299.5,309.2,1314,,,0,0,0,0,0,0
2184,M17043,M,299.6,309.3,1577,39.8,48.0,0,0,0,0,0,0
2185,L49364,L,299.8,309.4,1475,,,0,0,0,0,0,0
2186,L49365,L,299.8,309.4,1630,,,0,0,0,0,0,0
2187,L49366,L,299.7,309.4,1445,,,0,0,0,0,0,0
2188,M17047,M,299.8,309.4,1439,47.4,57.0,0,0,0,0,0,0
2189,L49368,L,299.7,309.3,1420,,60.0,0,0,0,0,0,0
2190,H31603,H,299.7,309.2,1554,,,0,0,0,0,0,0
2191,M17050,M,299.6,309.1,1471,,67.0,0,0,0,0,0,0
2192,L49371,L,299.6,309.0,1648,33.6,70.0,0,0,0,0,0,0
2193,L49372,L,299.6,309.0,1472,,72.0,0,0,0,0,0,0
2194,M17053,M,299.5,308.9,1448,,,0,0,0,0,0,0
2195,M17054,M,299.6,308.9,1568,,,0,0,0,0,0,0
2196,L49375,L,299.6,308.9,1613,,80.0,0,0,0,0,0,0
2197,M17056,M,299.7,308.9,1551,35.4,,0,0,0,0,0,0
2198,L49377,L,299.7,309.0,1412,49.2,85.0,0,0,0,0,0,0
2199,M17058,M,299.7,308.9,1478,41.0,87.0,0,0,0,0,0,0
2200,M17059,M,299.8,309.1,1268,58.0,90.0,0,0,0,0,0,0
2201,L49380,L,299.8,309.1,1546,,,0,0,0,0,0,0
2202,L49381,L,299.8,309.0,1567,36.1,95.0,0,0,0,0,0,0
2203,M17062,M,299.9,309.2,1548,,97.0,0,0,0,0,0,0
2204,L49383,L,299.8,309.0,1614,30.8,100.0,0,0,0,0,0,0
2205,M17064,M,299.7,309.1,1352,46.1,,0,0,0,0,0,0
2206,L49385,L,299.9,309.2,1624,34.6,,0,0,0,0,0,0
2207,L49386,L,299.9,309.2,1436,52.0,107.0,0,0,0,0,0,0
2208,L49387,L,299.8,309.2,1591,37.5,109.0,0,0,0,0,0,0
2209,H31622,H,299.8,309.2,1435,42.6,111.0,0,0,0,0,0,0
2210,L49389,L,299.8,309.3,1386,,,0,0,0,0,0,0
2211,L49390,L,299.7,309.2,1401,54.1,118.0,0,0,0,0,0,0
2212,M17071,M,299.6,309.0,1245,64.0,,0,0,0,0,0,0
2213,L49392,L,299.7,309.1,1475,40.0,123.0,0,0,0,0,0,0
2214,L49393,L,299.7,309.1,1473,,125.0,0,0,0,0,0,0
2215,H31628,H,299.7,309.2,1355,44.8,,0,0,0,0,0,0
2216,H31629,H,299.7,309.2,1468,,132.0,0,0,0,0,0,0
2217,L49396,L,299.7,309.2,1645,30.8,137.0,0,0,0,0,0,0
2218,L49397,L,299.7,309.1,1347,,139.0,0,0,0,0,0,0
2219,L49398,L,299.7,309.1,1713,,,0,0,0,0,0,0
2220,M17079,M,299.6,309.1,1435,,,0,0,0,0,0,0
2221,M17080,M,299.6,309.0,1736,26.1,146.0,0,0,0,0,0,0
2222,L49401,L,299.6,309.0,1372,60.4,149.0,0,0,0,0,0,0
2223,L49402,L,299.7,309.0,1605,,151.0,0,0,0,0,0,0
2224,L49403,L,299.6,309.0,1413,,,0,0,0,0,0,0
2225,M17084,M,299.7,309.0,1645,31.9,155.0,0,0,0,0,0,0
2226,M17085,M,299.7,309.0,1465,,158.0,0,0,0,0,0,0
2227,M17086,M,299.6,308.9,1685,,161.0,0,0,0,0,0,0
2228,L49407,L,299.5,308.8,1965,,164.0,0,0,0,0,0,0
2229,H31642,H,299.4,308.6,1542,,166.0,0,0,0,0,0,0
2230,L49409,L,299.4,308.7,1681,30.8,171.0,0,0,0,0,0,0
2231,L49410,L,299.5,308.7,1446,,173.0,0,0,0,0,0,0
2232,L49411,L,299.4,308.6,1415,56.4,,0,0,0,0,0,0
2233,L49412,L,299.5,308.6,1672,,,0,0,0,0,0,0
2234,L49413,L,299.5,308.7,2549,13.0,179.0,1,0,0,1,0,0
2235,L49414,L,299.4,308.6,1492,,,0,0,0,0,0,0
2236,M17095,M,299.4,308.6,1455,42.7,183.0,0,0,0,0,0,0
2237,M17096,M,299.3,308.5,1422,,186.0,0,0,0,0,0,0
2238,L49417,L,299.3,308.6,1403,,189.0,0,0,0,0,0,0
2239,L49418,L,299.3,308.6,1474,,,0,0,0,0,0,0
2240,L49419,L,299.2,308.6,1381,,193.0,0,0,0,0,0,0
2241,L49420,L,299.2,308.5,1457,,,0,0,0,0,0,0
2242,L49421,L,299.2,308.4,1711,28.9,,0,0,0,0,0,0
2243,L49422,L,299.2,308.4,1667,29.0,199.0,0,0,0,0,0,0
2244,L49423,L,299.2,308.4,1465,,,0,0,0,0,0,0
2245,M17104,M,299.3,308.4,1542,37.5,,1,1,0,0,0,0
2246,M17105,M,299.3,308.4,1438,,,0,0,0,0,0,0
2247,L49426,L,299.3,308.4,1406,47.4,,0,0,0,0,0,0
2248,M17107,M,299.2,308.4,1396,48.5,5.0,0,0,0,0,0,0
2249,M17108,M,299.3,308.5,1304,60.6,,0,0,0,0,0,0
2250,L49429,L,299.2,308.5,1442,,11.0,0,0,0,0,0,0
2251,M17110,M,299.2,308.4,1396,,13.0,0,0,0,0,0,0
2252,H31665,H,299.1,308.3,1424,,16.0,0,0,0,0,0,0
2253,H31666,H,299.1,308.3,1451,,21.0,0,0,0,0,0,0
2254,L49433,L,299.2,308.4,1386,54.1,26.0,0,0,0,0,0,0
2255,L49434,L,299.1,308.3,1325,46.9,28.0,0,0,0,0,0,0
2256,L49435,L,299.1,308.3,1559,,30.0,0,0,0,0,0,0
2257,L49436,L,299.1,308.3,1489,38.1,,0,0,0,0,0,0
2258,L49437,L,299.1,308.3,1892,,,0,0,0,0,0,0
2259,L49438,L,299.1,308.2,1319,60.3,36.0,0,0,0,0,0,0
2260,L49439,L,299.1,308.3,1431,,,0,0,0,0,0,0
2261,H31674,H,299.1,308.3,1521,,40.0,0,0,0,0,0,0
2262,M17121,M,299.1,308.2,1435,,45.0,0,0,0,0,0,0
2263,L49442,L,299.1,308.3,1533,,48.0,0,0,0,0,0,0
2264,M17123,M,299.2,308.4,1529,,50.0,0,0,0,0,0,0
2265,M17124,M,299.2,308.4,1415,43.5,,0,0,0,0,0,0
2266,M17125,M,299.2,308.4,1330,51.2,56.0,0,0,0,0,0,0
2267,L49446,L,299.2,308.5,1381,,,0,0,0,0,0,0
2268,L49447,L,299.2,308.5,1370,52.4,,0,0,0,0,0,0
2269,L49448,L,299.2,308.5,1438,46.6,,0,0,0,0,0,0
2270,L49449,L,299.3,308.6,1314,,65.0,0,0,0,0,0,0
2271,L49450,L,299.3,308.6,1437,48.1,,0,0,0,0,0,0
2272,L49451,L,299.2,308.5,1821,,69.0,0,0,0,0,0,0
2273,M17132,M,299.3,308.6,1448,52.1,,0,0,0,0,0,0
2274,L49453,L,299.3,308.5,1589,,,0,0,0,0,0,0
2275,L49454,L,299.3,308.6,1520,33.7,76.0,0,0,0,0,0,0
2276,L49455,L,299.3,308.6,1605,37.0,78.0,0,0,0,0,0,0
2277,L49456,L,299.3,308.7,1393,54.2,,0,0,0,0,0,0
2278,H31691,H,299.3,308.7,1408,,82.0,0,0,0,0,0,0
2279,M17138,M,299.3,308.7,1459,35.6,,0,0,0,0,0,0
2280,L49459,L,299.4,308.7,1525,39.0,90.0,0,0,0,0,0,0
2281,L49460,L,299.4,308.8,1390,,,0,0,0,0,0,0
2282,L49461,L,299.3,308.7,1536,38.9,94.0,0,0,0,0,0,0
2283,L49462,L,299.4,308.7,1459,,96.0,0,0,0,0,0,0
2284,L49463,L,299.2,308.5,1387,51.1,,0,0,0,0,0,0
2285,L49464,L,299.2,308.5,1378,,100.0,0,0,0,0,0,0
2286,L49465,L,299.4,308.7,1381,,102.0,0,0,0,0,0,0
2287,M17146,M,299.4,308.7,1289,60.5,,0,0,0,0,0,0
2288,L49467,L,299.4,308.6,1746,,,0,0,0,0,0,0
2289,M17148,M,299.4,308.6,1541,39.1,,0,0,0,0,0,0
2290,L49469,L,299.4,308.7,1504,37.8,,0,0,0,0,0,0
2291,M17150,M,299.5,308.7,1321,51.9,,0,0,0,0,0,0
2292,M17151,M,299.5,308.8,1886,20.9,,0,0,0,0,0,0
2293,L49472,L,299.6,308.9,1422,,120.0,0,0,0,0,0,0
2294,L49473,L,299.5,308.9,1520,,,0,0,0,0,0,0
2295,L49474,L,299.4,308.8,1627,32.6,,0,0,0,0,0,0
2296,L49475,L,299.4,308.7,1512,,126.0,0,0,0,0,0,0
2297,L49476,L,299.4,308.7,1553,42.7,128.0,0,0,0,0,0,0
2298,L49477,L,299.3,308.7,1802,26.0,130.0,0,0,0,0,0,0
2299,L49478,L,299.3,308.6,1482,37.6,,0,0,0,0,0,0
2300,L49479,L,299.4,308.7,1446,62.9,134.0,1,0,0,1,0,0
2301,L49480,L,299.3,308.6,1371,50.5,136.0,0,0,0,0,0,0
2302,M17161,M,299.2,308.6,1586,,138.0,0,0,0,0,0,0
2303,L49482,L,299.2,308.5,1515,,141.0,0,0,0,0,0,0
2304,L49483,L,299.2,308.5,1374,,143.0,0,0,0,0,0,0
2305,L49484,L,299.1,308.5,1455,,145.0,0,0,0,0,0,0
2306,H31719,H,299.2,308.5,1342,47.5,147.0,0,0,0,0,0,0
2307,L49486,L,299.1,308.6,1260,,152.0,0,0,0,0,0,0
2308,H31721,H,299.0,308.5,1623,33.5,,0,0,0,0,0,0
2309,L49488,L,299.1,308.5,1371,,,0,0,0,0,0,0
2310,L49489,L,299.1,308.6,1611,,,0,0,0,0,0,0
2311,M17170,M,299.0,308.4,1535,47.5,,0,0,0,0,0,0
2312,M17171,M,299.1,308.6,1491,38.5,166.0,0,0,0,0,0,0
2313,M17172,M,299.1,308.6,1441,,169.0,0,0,0,0,0,0
2314,M17173,M,299.1,308.8,1725,26.6,172.0,0,0,0,0,0,0
2315,L49494,L,299.2,308.9,1368,,175.0,0,0,0,0,0,0
2316,L49495,L,299.2,308.9,1526,,177.0,0,0,0,0,0,0
2317,L49496,L,299.2,308.8,1542,39.2,179.0,0,0,0,0,0,0
2318,L49497,L,299.2,308.8,1605,31.1,181.0,0,0,0,0,0,0
2319,L49498,L,299.2,308.8,1405,51.4,183.0,0,0,0,0,0,0
2320,M17179,M,299.2,308.8,1700,,185.0,0,0,0,0,0,0
2321,H31734,H,299.2,308.8,1440,39.1,,0,0,0,0,0,0
2322,M17181,M,299.2,308.8,1314,,193.0,0,0,0,0,0,0
2323,L49502,L,299.2,308.7,1514,,,0,0,0,0,0,0
2324,M17183,M,299.2,308.7,1401,47.0,,0,0,0,0,0,0
2325,L49504,L,299.3,308.8,1636,,,0,0,0,0,0,0
2326,L49505,L,299.3,308.8,1603,,203.0,0,0,0,0,0,0
2327,M17186,M,299.4,308.7,1487,52.6,205.0,0,0,0,0,0,0
2328,M17187,M,299.3,308.7,1420,50.3,208.0,0,0,0,0,0,0
2329,L49508,L,299.3,308.7,1579,36.3,211.0,0,0,0,0,0,0
2330,L49509,L,299.3,308.7,1484,,,0,0,0,0,0,0
2331,M17190,M,299.3,308.7,1390,,,0,0,0,0,0,0
2332,L49511,L,299.3,308.6,1384,,218.0,1,0,0,0,1,0
2333,L49512,L,299.2,308.5,1378,,220.0,1,0,0,0,1,0
2334,L49513,L,299.2,308.5,1445,,,0,0,0,0,0,0
2335,L49514,L,299.2,308.4,1445,43.5,224.0,0,0,0,0,0,0
2336,L49515,L,299.2,308.4,1509,39.4,,0,0,0,0,0,0
2337,L49516,L,299.2,308.4,1434,46.8,2.0,0,0,0,0,0,0
2338,L49517,L,299.2,308.4,1877,,4.0,0,0,0,0,0,0
2339,L49518,L,299.3,308.3,1651,28.0,6.0,0,0,0,0,0,0
2340,L49519,L,299.2,308.2,1466,,,0,0,0,0,0,0
2341,L49520,L,299.1,308.1,1479,,10.0,0,0,0,0,0,0
2342,L49521,L,299.1,308.2,1409,46.4,12.0,0,0,0,0,0,0
2343,M17202,M,299.2,308.2,1674,28.2,14.0,0,0,0,0,0,0
2344,L49523,L,299.1,308.3,1305,61.4,,0,0,0,0,0,0
2345,M17204,M,299.2,308.3,1755,26.4,,0,0,0,0,0,0
2346,L49525,L,299.2,308.4,1475,,22.0,0,0,0,0,0,0
2347,L49526,L,299.2,308.4,1402,,24.0,0,0,0,0,0,0
2348,L49527,L,299.2,308.3,1410,,,0,0,0,0,0,0
2349,L49528,L,299.2,308.4,1436,,,0,0,0,0,0,0
2350,M17209,M,299.3,308.5,1386,42.2,30.0,0,0,0,0,0,0
2351,L49530,L,299.3,308.6,1744,,33.0,0,0,0,0,0,0
2352,L49531,L,299.2,308.4,1393,,35.0,0,0,0,0,0,0
2353,M17212,M,299.3,308.5,1422,45.4,,0,0,0,0,0,0
2354,L49533,L,299.2,308.4,1841,22.8,,0,0,0,0,0,0
2355,L49534,L,299.3,308.6,1433,37.7,42.0,0,0,0,0,0,0
2356,M17215,M,299.3,308.5,1305,,44.0,0,0,0,0,0,0
2357,H31770,H,299.3,308.6,1498,,,0,0,0,0,0,0
2358,L49537,L,299.3,308.5,1772,,52.0,0,0,0,0,0,0
2359,M17218,M,299.2,308.4,1381,,54.0,0,0,0,0,0,0
2360,L49539,L,299.3,308.5,1413,38.5,,0,0,0,0,0,0
2361,H31774,H,299.2,308.4,1388,,59.0,0,0,0,0,0,0
2362,M17221,M,299.2,308.6,1631,35.4,,0,0,0,0,0,0
2363,H31776,H,299.3,308.6,1520,41.4,,0,0,0,0,0,0
2364,L49543,L,299.3,308.5,1510,45.4,72.0,0,0,0,0,0,0
2365,L49544,L,299.2,308.5,1366,49.7,74.0,0,0,0,0,0,0
2366,L49545,L,299.4,308.5,1845,,,0,0,0,0,0,0
2367,L49546,L,299.3,308.5,1485,,,0,0,0,0,0,0
2368,M17227,M,299.3,308.5,1496,39.4,80.0,0,0,0,0,0,0
2369,M17228,M,299.3,308.4,1468,,,0,0,0,0,0,0
2370,M17229,M,299.2,308.4,1856,,,0,0,0,0,0,0
2371,L49550,L,299.2,308.4,1620,,89.0,0,0,0,0,0,0
2372,L49551,L,299.3,308.5,1409,,91.0,0,0,0,0,0,0
2373,M17232,M,299.3,308.5,1404,,93.0,0,0,0,0,0,0
2374,L49553,L,299.2,308.4,1350,,96.0,0,0,0,0,0,0
2375,M17234,M,299.2,308.4,1538,38.0,,0,0,0,0,0,0
2376,M17235,M,299.2,308.4,1476,,101.0,0,0,0,0,0,0
2377,M17236,M,299.2,308.3,1364,,104.0,0,0,0,0,0,0
2378,M17237,M,299.2,308.3,1582,45.5,107.0,0,0,0,0,0,0
2379,L49558,L,299.1,308.2,1348,56.1,,0,0,0,0,0,0
2380,H31793,H,299.1,308.2,1450,46.1,112.0,0,0,0,0,0,0
2381,L49560,L,299.0,308.1,1242,60.9,117.0,0,0,0,0,0,0
2382,L49561,L,299.1,308.2,1493,,,0,0,0,0,0,0
2383,L49562,L,299.1,308.3,1601,,121.0,0,0,0,0,0,0
2384,L49563,L,299.1,308.2,1568,33.3,,0,0,0,0,0,0
2385,M17244,M,299.1,308.3,1506,38.0,,0,0,0,0,0,0
2386,L49565,L,299.1,308.3,1524,,,0,0,0,0,0,0
2387,L49566,L,299.1,308.4,1543,37.9,130.0,0,0,0,0,0,0
2388,M17247,M,299.2,308.5,1474,,,0,0,0,0,0,0
2389,M17248,M,299.2,308.5,1526,,135.0,0,0,0,0,0,0
2390,L49569,L,299.2,308.5,1867,27.0,,0,0,0,0,0,0
2391,L49570,L,299.2,308.5,1487,41.2,140.0,0,0,0,0,0,0
2392,L49571,L,299.2,308.4,1580,,,0,0,0,0,0,0
2393,L49572,L,299.2,308.5,1340,,144.0,0,0,0,0,0,0
2394,L49573,L,299.2,308.5,1544,41.6,,0,0,0,0,0,0
2395,L49574,L,299.2,308.5,1488,40.3,148.0,0,0,0,0,0,0
2396,M17255,M,299.2,308.5,1742,28.9,,0,0,0,0,0,0
2397,M17256,M,299.1,308.5,1592,,153.0,0,0,0,0,0,0
2398,L49577,L,299.2,308.6,1582,,,0,0,0,0,0,0
2399,L49578,L,299.2,308.5,1490,,,0,0,0,0,0,0
2400,M17259,M,299.2,308.5,1594,,160.0,0,0,0,0,0,0
2401,H31814,H,299.2,308.6,1462,,163.0,0,0,0,0,0,0
2402,M17261,M,299.2,308.6,1367,47.6,168.0,0,0,0,0,0,0
2403,L49582,L,299.2,308.7,1325,51.0,171.0,0,0,0,0,0,0
2404,H31817,H,299.2,308.7,1448,51.4,173.0,0,0,0,0,0,0
2405,M17264,M,299.1,308.7,2008,,,0,0,0,0,0,0
2406,L49585,L,299.1,308.7,1498,,,0,0,0,0,0,0
2407,L49586,L,299.1,308.6,1437,41.6,183.0,0,0,0,0,0,0
2408,M17267,M,299.1,308.6,1499,45.1,185.0,0,0,0,0,0,0
2409,L49588,L,299.0,308.4,1356,52.6,,0,0,0,0,0,0
2410,L49589,L,299.1,308.5,1539,,,0,0,0,0,0,0
2411,L49590,L,299.1,308.5,1689,32.1,192.0,0,0,0,0,0,0
2412,L49591,L,299.0,308.5,1559,38.1,194.0,0,0,0,0,0,0
2413,L49592,L,299.1,308.6,1408,,,0,0,0,0,0,0
2414,L49593,L,299.0,308.5,1886,23.0,,0,0,0,0,0,0
2415,L49594,L,299.1,308.5,1415,43.4,0.0,0,0,0,0,0,0
2416,M17275,M,299.1,308.5,1587,35.6,,0,0,0,0,0,0
2417,L49596,L,299.0,308.4,1571,38.6,5.0,0,0,0,0,0,0
2418,L49597,L,298.9,308.3,1576,,7.0,0,0,0,0,0,0
2419,L49598,L,298.9,308.3,1660,,,0,0,0,0,0,0
2420,M17279,M,298.9,308.2,1328,49.2,,0,0,0,0,0,0
2421,H31834,H,298.8,308.2,1450,44.7,14.0,0,0,0,0,0,0
2422,L49601,L,298.9,308.2,2384,,,0,0,0,0,0,0
2423,L49602,L,298.8,308.2,1443,,21.0,0,0,0,0,0,0
2424,M17283,M,298.9,308.2,2022,,23.0,0,0,0,0,0,0
2425,L49604,L,298.9,308.2,1828,23.8,26.0,0,0,0,0,0,0
2426,L49605,L,298.8,308.1,1472,,28.0,0,0,0,0,0,0
2427,M17286,M,298.9,308.2,1372,63.6,,1,0,0,1,0,0
2428,L49607,L,298.9,308.3,1855,,,0,0,0,0,0,0
2429,M17288,M,299.0,308.3,1377,47.2,35.0,0,0,0,0,0,0
2430,L49609,L,298.9,308.3,1432,,38.0,0,0,0,0,0,0
2431,M17290,M,298.9,308.2,1335,47.8,,0,0,0,0,0,0
2432,M17291,M,298.9,308.2,1411,,,0,0,0,0,0,0
2433,L49612,L,298.9,308.2,1510,,46.0,0,0,0,0,0,0
2434,L49613,L,299.0,308.3,1441,44.0,,0,0,0,0,0,0
2435,M17294,M,299.0,308.2,1358,,,0,0,0,0,0,0
2436,L49615,L,298.9,308.2,1686,,,0,0,0,0,0,0
2437,H31850,H,299.0,308.2,1662,,55.0,0,0,0,0,0,0
2438,L49617,L,299.1,308.3,1426,,60.0,0,0,0,0,0,0
2439,M17298,M,299.1,308.4,1330,,,0,0,0,0,0,0
2440,L49619,L,299.1,308.4,1693,,,0,0,0,0,0,0
2441,L49620,L,299.1,308.4,1426,47.9,67.0,0,0,0,0,0,0
2442,L49621,L,299.1,308.5,1676,,69.0,0,0,0,0,0,0
2443,M17302,M,299.1,308.4,1332,,,0,0,0,0,0,0
2444,L49623,L,299.1,308.5,1647,,,0,0,0,0,0,0
2445,L49624,L,299.2,308.6,1267,68.2,76.0,1,0,0,1,0,0
2446,H31859,H,299.2,308.7,1375,55.1,78.0,0,0,0,0,0,0
2447,L49626,L,299.3,308.6,1422,48.9,,0,0,0,0,0,0
2448,L49627,L,299.3,308.7,1408,48.7,85.0,0,0,0,0,0,0
2449,L49628,L,299.4,308.9,1440,,87.0,0,0,0,0,0,0
2450,L49629,L,299.3,308.8,1772,,89.0,0,0,0,0,0,0
2451,L49630,L,299.2,308.7,1492,37.8,91.0,0,0,0,0,0,0
2452,L49631,L,299.2,308.7,1650,30.5,,0,0,0,0,0,0
2453,M17312,M,299.1,308.6,2329,,95.0,0,0,0,0,0,0
2454,L49633,L,299.0,308.6,1648,,,0,0,0,0,0,0
2455,L49634,L,299.0,308.6,1653,31.7,100.0,0,0,0,0,0,0
2456,L49635,L,299.0,308.6,1946,,,0,0,0,0,0,0
2457,L49636,L,299.1,308.6,1555,,104.0,0,0,0,0,0,0
2458,L49637,L,299.0,308.6,1661,,106.0,0,0,0,0,0,0
2459,L49638,L,299.0,308.6,1434,,108.0,0,0,0,0,0,0
2460,L49639,L,299.0,308.6,1297,54.2,110.0,0,0,0,0,0,0
2461,L49640,L,299.0,308.6,1466,,112.0,0,0,0,0,0,0
2462,M17321,M,298.9,308.6,1517,39.8,114.0,0,0,0,0,0,0
2463,L49642,L,298.9,308.5,1742,34.5,117.0,0,0,0,0,0,0
2464,L49643,L,298.9,308.5,1580,,,0,0,0,0,0,0
2465,M17324,M,298.9,308.5,1534,42.9,121.0,0,0,0,0,0,0
2466,L49645,L,298.9,308.6,1481,,124.0,0,0,0,0,0,0
2467,L49646,L,299.0,308.6,1429,,126.0,0,0,0,0,0,0
2468,M17327,M,298.9,308.6,1574,,128.0,0,0,0,0,0,0
2469,M17328,M,298.9,308.6,1524,,131.0,0,0,0,0,0,0
2470,L49649,L,299.0,308.7,1507,,134.0,0,0,0,0,0,0
2471,L49650,L,298.9,308.5,1467,44.7,136.0,0,0,0,0,0,0
2472,L49651,L,298.9,308.4,1301,51.1,138.0,0,0,0,0,0,0
2473,L49652,L,298.9,308.5,1429,,,0,0,0,0,0,0
2474,M17333,M,298.9,308.5,1555,,142.0,0,0,0,0,0,0
2475,L49654,L,298.9,308.5,1503,40.6,,0,0,0,0,0,0
2476,L49655,L,298.9,308.5,1459,,,0,0,0,0,0,0
2477,H31890,H,298.9,308.4,1449,42.4,149.0,0,0,0,0,0,0
2478,L49657,L,298.9,308.5,1387,57.3,154.0,0,0,0,0,0,0
2479,M17338,M,298.9,308.5,1456,50.0,156.0,0,0,0,0,0,0
2480,L49659,L,299.0,308.5,1604,,,0,0,0,0,0,0
2481,L49660,L,299.0,308.6,1734,,161.0,0,0,0,0,0,0
2482,L49661,L,299.0,308.6,1378,,163.0,0,0,0,0,0,0
2483,L49662,L,298.9,308.7,1504,41.8,165.0,0,0,0,0,0,0
2484,M17343,M,298.9,308.7,1402,49.8,167.0,0,0,0,0,0,0
2485,H31898,H,298.8,308.6,1524,37.7,,0,0,0,0,0,0
2486,L49665,L,298.8,308.6,1593,,,0,0,0,0,0,0
2487,M17346,M,298.9,308.7,1772,,177.0,0,0,0,0,0,0
2488,H31901,H,298.9,308.6,1623,31.0,,0,0,0,0,0,0
2489,L49668,L,298.9,308.7,1356,,,0,0,0,0,0,0
2490,H31903,H,298.9,308.7,1500,,187.0,0,0,0,0,0,0
2491,H31904,H,299.1,308.8,1566,,,0,0,0,0,0,0
2492,L49671,L,299.1,308.9,1445,,,0,0,0,0,0,0
2493,H31906,H,299.0,308.8,1382,58.5,,0,0,0,0,0,0
2494,M17353,M,299.0,308.8,1418,45.7,204.0,0,0,0,0,0,0
2495,L49674,L,299.1,308.8,1329,53.6,207.0,1,0,0,0,1,0
2496,M17355,M,299.1,308.8,1491,,,0,0,0,0,0,0
2497,M17356,M,299.2,308.9,1573,37.4,212.0,0,0,0,0,0,0
2498,M17357,M,299.2,308.9,1521,,215.0,0,0,0,0,0,0
2499,L49678,L,299.1,308.9,1467,,,0,0,0,0,0,0
2500,M17359,M,299.1,308.9,1325,,220.0,0,0,0,0,0,0
2501,L49680,L,299.1,308.9,1617,32.3,223.0,0,0,0,0,0,0
2502,M17361,M,299.1,308.9,1476,,,0,0,0,0,0,0
2503,L49682,L,299.2,309.0,1515,48.9,,1,0,0,0,1,0
2504,L49683,L,299.2,309.0,1408,47.2,,0,0,0,0,0,0
2505,L49684,L,299.2,309.1,1468,45.6,2.0,0,0,0,0,0,0
2506,L49685,L,299.2,309.1,1387,48.7,,0,0,0,0,0,0
2507,M17366,M,299.2,309.1,1503,,6.0,0,0,0,0,0,0
2508,H31921,H,299.2,309.1,1410,,,0,0,0,0,0,0
2509,L49688,L,299.0,308.9,1615,30.6,14.0,0,0,0,0,0,0
2510,L49689,L,299.0,308.9,1511,35.9,16.0,0,0,0,0,0,0
2511,L49690,L,299.1,309.0,1405,,18.0,0,0,0,0,0,0
2512,M17371,M,299.0,308.9,1526,41.1,20.0,0,0,0,0,0,0
2513,L49692,L,298.9,308.8,1530,38.3,23.0,0,0,0,0,0,0
2514,L49693,L,299.0,308.7,1583,32.5,25.0,0,0,0,0,0,0
2515,L49694,L,298.9,308.6,2069,18.7,,0,0,0,0,0,0
2516,L49695,L,298.8,308.5,1490,35.0,,0,0,0,0,0,0
2517,L49696,L,298.8,308.5,1736,,,0,0,0,0,0,0
2518,L49697,L,298.8,308.5,1395,44.4,33.0,0,0,0,0,0,0
2519,M17378,M,298.9,308.6,1425,49.6,35.0,0,0,0,0,0,0
2520,L49699,L,298.8,308.6,1631,32.4,38.0,0,0,0,0,0,0
2521,L49700,L,298.8,308.6,1535,,40.0,0,0,0,0,0,0
2522,L49701,L,298.8,308.6,1584,,42.0,0,0,0,0,0,0
2523,M17382,M,298.8,308.7,1543,,44.0,0,0,0,0,0,0
2524,L49703,L,298.8,308.7,1635,,47.0,0,0,0,0,0,0
2525,M17384,M,298.8,308.7,1446,,49.0,0,0,0,0,0,0
2526,M17385,M,298.8,308.6,1598,,52.0,0,0,0,0,0,0
2527,L49706,L,298.8,308.6,1501,35.0,,0,0,0,0,0,0
2528,L49707,L,298.8,308.5,1450,,57.0,0,0,0,0,0,0
2529,L49708,L,298.8,308.6,1730,25.9,,0,0,0,0,0,0
2530,M17389,M,298.8,308.6,1571,,61.0,0,0,0,0,0,0
2531,L49710,L,298.9,308.7,1438,51.7,64.0,0,0,0,0,0,0
2532,M17391,M,298.8,308.5,1510,,66.0,0,0,0,0,0,0
2533,L49712,L,298.9,308.7,1389,44.9,69.0,0,0,0,0,0,0
2534,L49713,L,298.8,308.7,1490,33.6,71.0,0,0,0,0,0,0
2535,L49714,L,298.9,308.7,1729,26.6,,0,0,0,0,0,0
2536,L49715,L,299.0,308.8,1495,,75.0,0,0,0,0,0,0
2537,L49716,L,298.9,308.8,1281,,,0,0,0,0,0,0
2538,H31951,H,298.9,308.7,1353,48.1,79.0,0,0,0,0,0,0
2539,L49718,L,299.1,308.8,1429,,84.0,0,0,0,0,0,0
2540,L49719,L,299.1,308.8,1413,,,0,0,0,0,0,0
2541,L49720,L,299.1,308.8,1502,38.3,,0,0,0,0,0,0
2542,H31955,H,299.1,308.8,1553,,,0,0,0,0,0,0
2543,H31956,H,299.2,308.9,1712,26.4,,0,0,0,0,0,0
2544,L49723,L,299.3,309.0,1786,,,0,0,0,0,0,0
2545,L49724,L,299.2,309.0,1951,21.4,,0,0,0,0,0,0
2546,M17405,M,299.2,309.0,1541,36.3,104.0,0,0,0,0,0,0
2547,L49726,L,299.2,309.1,1605,34.3,,0,0,0,0,0,0
2548,L49727,L,299.2,309.1,1578,,,0,0,0,0,0,0
2549,M17408,M,299.3,309.2,1440,,,0,0,0,0,0,0
2550,L49729,L,299.4,309.2,1489,,114.0,0,0,0,0,0,0
2551,L49730,L,299.4,309.3,1366,48.4,,0,0,0,0,0,0
2552,L49731,L,299.3,309.2,1541,,118.0,0,0,0,0,0,0
2553,H31966,H,299.3,309.1,1552,40.7,120.0,0,0,0,0,0,0
2554,L49733,L,299.3,309.1,1473,,,0,0,0,0,0,0
2555,L49734,L,299.3,309.1,1531,37.9,,0,0,0,0,0,0
2556,L49735,L,299.3,309.2,1511,,129.0,0,0,0,0,0,0
2557,M17416,M,299.3,309.1,1449,47.9,131.0,0,0,0,0,0,0
2558,M17417,M,299.4,309.1,1440,,134.0,0,0,0,0,0,0
2559,M17418,M,299.2,309.0,1881,23.9,,0,0,0,0,0,0
2560,L49739,L,299.3,309.0,1447,,,0,0,0,0,0,1
2561,M17420,M,299.4,309.1,1326,62.0,,0,0,0,0,0,0
2562,L49741,L,299.4,309.2,1607,31.7,145.0,0,0,0,0,0,0
2563,L49742,L,299.3,309.1,1551,,147.0,0,0,0,0,0,0
2564,L49743,L,299.3,309.1,1496,,,0,0,0,0,0,0
2565,L49744,L,299.3,309.1,1493,,151.0,0,0,0,0,0,0
2566,L49745,L,299.4,309.1,1304,50.5,,0,0,0,0,0,0
2567,M17426,M,299.3,309.0,1420,,,0,0,0,0,0,0
2568,L49747,L,299.4,309.1,1766,,158.0,0,0,0,0,0,0
2569,L49748,L,299.6,309.2,1450,,160.0,0,0,0,0,0,0
2570,H31983,H,299.5,309.2,1872,,162.0,0,0,0,0,0,0
2571,L49750,L,299.6,309.2,1713,,167.0,0,0,0,0,0,0
2572,M17431,M,299.5,309.2,1497,,169.0,0,0,0,0,0,0
2573,M17432,M,299.4,309.1,1352,44.7,172.0,0,0,0,0,0,0
2574,L49753,L,299.5,309.2,1499,41.5,175.0,0,0,0,0,0,0
2575,L49754,L,299.5,309.3,1972,19.3,177.0,0,0,0,0,0,0
2576,L49755,L,299.5,309.3,1422,49.2,179.0,0,0,0,0,0,0
2577,L49756,L,299.5,309.3,1523,41.5,181.0,0,0,0,0,0,0
2578,L49757,L,299.5,309.4,1563,,183.0,0,0,0,0,0,0
2579,L49758,L,299.4,309.3,1391,46.6,,0,0,0,0,0,0
2580,L49759,L,299.3,309.1,1795,,187.0,0,0,0,0,0,0
2581,L49760,L,299.3,309.1,1293,,189.0,0,0,0,0,0,0
2582,L49761,L,299.2,309.1,1345,,191.0,1,0,0,0,1,0
2583,L49762,L,299.2,309.0,1615,33.7,,0,0,0,0,0,0
2584,L49763,L,299.2,308.9,1342,,,0,0,0,0,0,0
2585,L49764,L,299.1,308.8,1502,,,0,0,0,0,0,0
2586,M17445,M,299.0,308.7,1620,,199.0,0,0,0,0,0,0
2587,L49766,L,299.0,308.7,1537,42.8,202.0,0,0,0,0,0,0
2588,L49767,L,299.0,308.7,2248,,204.0,0,0,0,0,0,0
2589,L49768,L,299.0,308.7,1706,28.6,206.0,0,0,0,0,0,0
2590,L49769,L,299.0,308.7,2250,16.6,208.0,0,0,0,0,0,0
2591,L49770,L,299.0,308.7,1396,48.6,0.0,0,0,0,0,0,0
2592,L49771,L,298.9,308.6,1522,46.4,2.0,0,0,0,0,0,0
2593,L49772,L,298.9,308.6,1539,45.4,4.0,0,0,0,0,0,0
2594,H32007,H,298.9,308.5,1415,54.0,,0,0,0,0,0,0
2595,L49774,L,298.8,308.5,1446,37.0,11.0,0,0,0,0,0,0
2596,M17455,M,298.8,308.6,1486,,,0,0,0,0,0,0
2597,L49776,L,299.0,308.7,1426,,,0,0,0,0,0,0
2598,L49777,L,299.0,308.7,1449,,,0,0,0,0,0,0
2599,L49778,L,299.1,308.8,1320,,,1,0,0,1,0,0
2600,M17459,M,299.2,308.9,1447,39.6,22.0,0,0,0,0,0,0
2601,L49780,L,299.3,309.0,1422,,25.0,0,0,0,0,0,0
2602,L49781,L,299.3,309.1,1399,52.1,,0,0,0,0,0,0
2603,L49782,L,299.4,309.2,1427,,29.0,0,0,0,0,0,0
2604,M17463,M,299.3,309.2,1334,46.3,31.0,0,0,0,0,0,0
2605,M17464,M,299.3,309.1,1385,,34.0,0,0,0,0,0,0
2606,L49785,L,299.4,309.2,1552,,37.0,0,0,0,0,0,0
2607,H32020,H,299.4,309.3,1534,37.5,,0,0,0,0,0,0
2608,L49787,L,299.4,309.3,1448,,44.0,0,0,0,0,0,0
2609,L49788,L,299.5,309.3,1409,44.7,,0,0,0,0,0,0
2610,L49789,L,299.4,309.2,1621,,,0,0,0,0,0,0
2611,H32024,H,299.4,309.1,1547,40.9,50.0,0,0,0,0,0,0
2612,L49791,L,299.4,309.1,1957,,55.0,0,0,0,0,0,0
2613,L49792,L,299.4,309.1,2421,,,0,0,0,0,0,0
2614,M17473,M,299.3,309.1,1571,38.3,59.0,0,0,0,0,0,0
2615,L49794,L,299.3,309.1,1634,36.8,62.0,0,0,0,0,0,0
2616,L49795,L,299.3,309.0,1516,38.7,64.0,0,0,0,0,0,0
2617,L49796,L,299.4,309.1,1207,,66.0,0,0,0,0,0,0
2618,L49797,L,299.4,309.1,1670,35.9,68.0,0,0,0,0,0,0
2619,M17478,M,299.4,309.1,1461,,70.0,0,0,0,0,0,0
2620,L49799,L,299.4,309.2,1569,40.8,,0,0,0,0,0,0
2621,L49800,L,299.4,309.2,1556,35.7,,0,0,0,0,0,0
2622,M17481,M,299.5,309.3,1506,41.5,77.0,0,0,0,0,0,0
2623,M17482,M,299.6,309.4,1642,,80.0,0,0,0,0,0,0
2624,M17483,M,299.6,309.4,1283,62.1,83.0,0,0,0,0,0,0
2625,H32038,H,299.7,309.5,1375,46.8,,0,0,0,0,0,0
2626,L49805,L,299.7,309.4,1399,39.9,91.0,0,0,0,0,0,0
2627,L49806,L,299.7,309.4,1650,29.8,93.0,0,0,0,0,0,0
2628,M17487,M,299.8,309.6,1346,,95.0,0,0,0,0,0,0
2629,H32042,H,299.9,309.6,1410,,98.0,0,0,0,0,0,0
2630,L49809,L,300.0,309.7,1586,37.8,103.0,0,0,0,0,0,0
2631,L49810,L,300.0,309.8,1372,39.6,105.0,0,0,0,0,0,0
2632,H32045,H,300.0,309.7,1529,42.4,107.0,0,0,0,0,0,0
2633,M17492,M,300.0,309.7,1652,,112.0,0,0,0,0,0,0
2634,L49813,L,300.1,309.8,1532,,,0,0,0,0,0,0
2635,L49814,L,300.0,309.7,1554,32.0,117.0,0,0,0,0,0,0
2636,H32049,H,299.9,309.6,1462,,119.0,0,0,0,0,0,0
2637,L49816,L,299.9,309.6,1254,61.3,,0,0,0,0,0,0
2638,L49817,L,299.9,309.6,1294,,,0,0,0,0,0,0
2639,L49818,L,299.8,309.5,1739,27.5,,0,0,0,0,0,0
2640,M17499,M,299.8,309.4,1412,47.8,130.0,0,0,0,0,0,0
2641,M17500,M,299.9,309.5,1372,56.2,,0,0,0,0,0,0
2642,H32055,H,299.8,309.5,1420,46.7,,0,0,0,0,0,0
2643,L49822,L,299.8,309.5,1542,40.3,141.0,0,0,0,0,0,0
2644,M17503,M,299.8,309.4,1401,48.1,143.0,0,0,0,0,0,0
2645,L49824,L,299.8,309.4,1510,,,0,0,0,0,0,0
2646,H32059,H,299.9,309.5,1547,,148.0,0,0,0,0,0,0
2647,M17506,M,299.8,309.5,1453,,153.0,0,0,0,0,0,0
2648,L49827,L,299.8,309.4,1408,,156.0,0,0,0,0,0,0
2649,L49828,L,299.8,309.4,1436,51.6,,0,0,0,0,0,0
2650,M17509,M,299.9,309.5,1582,38.2,160.0,0,0,0,0,0,0
2651,L49830,L,299.9,309.6,1280,59.3,163.0,0,0,0,0,0,0
2652,L49831,L,299.9,309.5,2008,20.4,165.0,0,0,0,0,0,0
2653,L49832,L,299.9,309.5,1772,23.5,167.0,0,0,0,0,0,0
2654,L49833,L,299.9,309.5,1779,,169.0,0,0,0,0,0,0
2655,L49834,L,299.9,309.5,1567,35.5,171.0,0,0,0,0,0,0
2656,M17515,M,299.8,309.4,1751,27.0,173.0,0,0,0,0,0,0
2657,L49836,L,299.9,309.5,1349,51.3,176.0,0,0,0,0,0,0
2658,M17517,M,300.0,309.5,1425,40.8,178.0,0,0,0,0,0,0
2659,L49838,L,300.0,309.4,1395,,181.0,0,0,0,0,0,0
2660,H32073,H,299.8,309.3,1595,,183.0,0,0,0,0,0,0
2661,L49840,L,299.8,309.3,1291,56.4,188.0,0,0,0,0,0,0
2662,M17521,M,299.9,309.4,1509,,,0,0,0,0,0,0
2663,M17522,M,299.9,309.4,1483,38.1,193.0,0,0,0,0,0,0
2664,L49843,L,299.9,309.3,1620,31.1,196.0,0,0,0,0,0,0
2665,M17524,M,299.9,309.4,1487,42.2,,0,0,0,0,0,0
2666,L49845,L,299.8,309.4,2256,,201.0,0,0,0,0,0,0
2667,H32080,H,299.7,309.2,1691,27.7,203.0,0,0,0,0,0,0
2668,M17527,M,299.8,309.3,1663,,208.0,0,0,0,0,0,0
2669,M17528,M,299.8,309.3,1640,,211.0,0,0,0,0,0,0
2670,H32083,H,299.7,309.3,1494,,,0,0,0,0,0,0
2671,L49850,L,299.8,309.4,1467,46.2,219.0,0,0,0,0,0,0
2672,M17531,M,299.7,309.3,1399,,221.0,1,1,0,0,0,0
2673,L49852,L,299.7,309.3,1445,42.6,,0,0,0,0,0,0
2674,L49853,L,299.8,309.4,1480,40.9,2.0,0,0,0,0,0,0
2675,L49854,L,299.7,309.3,1546,37.2,4.0,0,0,0,0,0,0
2676,L49855,L,299.7,309.3,1574,,6.0,0,0,0,0,0,0
2677,L49856,L,299.7,309.3,1592,34.2,,0,0,0,0,0,0
2678,L49857,L,299.8,309.5,1495,39.6,10.0,0,0,0,0,0,0
2679,L49858,L,299.8,309.6,1447,,,0,0,0,0,0,0
2680,L49859,L,299.8,309.5,1476,44.4,14.0,0,0,0,0,0,0
2681,L49860,L,299.8,309.5,1641,27.1,,0,0,0,0,0,0
2682,L49861,L,299.8,309.5,1545,32.2,,0,0,0,0,0,0
2683,M17542,M,299.9,309.6,1364,44.4,,0,0,0,0,0,0
2684,L49863,L,299.8,309.5,1590,28.5,23.0,0,0,0,0,0,0
2685,L49864,L,299.8,309.4,1460,37.4,,0,0,0,0,0,0
2686,L49865,L,299.8,309.4,1609,32.5,27.0,0,0,0,0,0,0
2687,L49866,L,299.8,309.4,1633,27.5,29.0,0,0,0,0,0,0
2688,L49867,L,299.9,309.4,1348,,31.0,0,0,0,0,0,0
2689,L49868,L,299.9,309.4,1322,53.9,,0,0,0,0,0,0
2690,L49869,L,300.0,309.5,1641,30.1,,0,0,0,0,0,0
2691,L49870,L,300.0,309.5,1728,26.0,,0,0,0,0,0,0
2692,L49871,L,300.0,309.6,1431,47.7,39.0,0,0,0,0,0,0
2693,L49872,L,300.1,309.7,1641,30.4,,0,0,0,0,0,0
2694,M17553,M,300.1,309.6,1622,36.1,43.0,0,0,0,0,0,0
2695,M17554,M,300.1,309.6,1625,38.0,,0,0,0,0,0,0
2696,L49875,L,300.0,309.5,1869,22.7,,0,0,0,0,0,0
2697,L49876,L,300.0,309.6,1452,46.0,51.0,0,0,0,0,0,0
2698,L49877,L,300.0,309.6,1618,28.7,53.0,0,0,0,0,0,0
2699,L49878,L,300.0,309.4,2010,,,0,0,0,0,0,0
2700,L49879,L,299.9,309.4,1363,,57.0,0,0,0,0,0,0
2701,L49880,L,299.9,309.3,1473,,59.0,0,0,0,0,0,0
2702,L49881,L,299.9,309.2,1333,,61.0,0,0,0,0,0,0
2703,L49882,L,299.8,309.2,1760,25.9,63.0,0,0,0,0,0,0
2704,M17563,M,299.8,309.2,1372,,65.0,0,0,0,0,0,0
2705,M17564,M,299.7,309.2,1608,34.4,68.0,0,0,0,0,0,0
2706,L49885,L,299.7,309.2,1326,64.8,,0,0,0,0,0,0
2707,M17566,M,299.6,309.1,1560,37.1,,0,0,0,0,0,0
2708,M17567,M,299.6,309.0,1539,36.1,76.0,0,0,0,0,0,0
2709,L49888,L,299.6,309.1,2266,15.3,79.0,0,0,0,0,0,0
2710,L49889,L,299.6,309.1,1641,35.8,81.0,0,0,0,0,0,0
2711,L49890,L,299.6,309.1,1574,,,0,0,0,0,0,0
2712,L49891,L,299.6,309.1,1407,50.6,,0,0,0,0,0,0
2713,H32126,H,299.7,309.2,1302,55.5,,0,0,0,0,0,0
2714,M17573,M,299.6,309.2,1651,,92.0,0,0,0,0,0,0
2715,M17574,M,299.6,309.1,1366,55.2,,0,0,0,0,0,0
2716,M17575,M,299.5,309.0,1701,,98.0,0,0,0,0,0,0
2717,L49896,L,299.5,309.0,1498,,101.0,0,0,0,0,0,0
2718,M17577,M,299.5,309.1,1422,,103.0,0,0,0,0,0,0
2719,L49898,L,299.5,309.1,1357,,106.0,0,0,0,0,0,0
2720,L49899,L,299.5,309.2,1690,29.2,108.0,0,0,0,0,0,0
2721,L49900,L,299.6,309.2,1559,,,0,0,0,0,0,0
2722,M17581,M,299.6,309.3,1553,32.4,112.0,0,0,0,0,0,0
2723,L49902,L,299.6,309.3,1558,,115.0,0,0,0,0,0,0
2724,L49903,L,299.7,309.4,1362,51.9,,0,0,0,0,0,0
2725,M17584,M,299.8,309.3,1470,42.7,119.0,0,0,0,0,0,0
2726,L49905,L,299.8,309.4,1555,,,0,0,0,0,0,0
2727,M17586,M,299.8,309.4,1423,42.9,124.0,0,0,0,0,0,0
2728,L49907,L,299.7,309.3,1434,38.5,127.0,0,0,0,0,0,0
2729,L49908,L,299.7,309.3,1779,,129.0,0,0,0,0,0,0
2730,L49909,L,299.7,309.3,1417,54.6,131.0,0,0,0,0,0,0
2731,L49910,L,299.6,309.2,1425,,133.0,0,0,0,0,0,0
2732,M17591,M,299.7,309.2,1597,32.9,,0,0,0,0,0,0
2733,L49912,L,299.7,309.2,1346,57.4,,0,0,0,0,0,0
2734,L49913,L,299.7,309.2,1422,40.4,140.0,0,0,0,0,0,0
2735,H32148,H,299.7,309.2,1572,32.8,142.0,0,0,0,0,0,0
2736,L49915,L,299.7,309.2,1412,45.4,147.0,0,0,0,0,0,0
2737,M17596,M,299.7,309.1,1576,36.4,149.0,0,0,0,0,0,0
2738,M17597,M,299.7,309.1,1508,,,0,0,0,0,0,0
2739,M17598,M,299.8,309.1,1496,44.4,155.0,0,0,0,0,0,0
2740,L49919,L,299.8,309.2,1572,35.4,158.0,0,0,0,0,0,0
2741,L49920,L,299.6,309.0,1525,,160.0,0,0,0,0,0,0
2742,L49921,L,299.6,309.0,1378,,162.0,0,0,0,0,0,0
2743,L49922,L,299.6,309.1,1369,51.4,,0,0,0,0,0,0
2744,L49923,L,299.6,309.1,1476,,166.0,0,0,0,0,0,0
2745,L49924,L,299.7,309.2,1620,,168.0,0,0,0,0,0,0
2746,M17605,M,299.7,309.1,1603,38.5,170.0,0,0,0,0,0,0
2747,L49926,L,299.7,309.2,1411,46.1,,0,0,0,0,0,0
2748,L49927,L,299.7,309.2,1616,31.6,,0,0,0,0,0,0
2749,L49928,L,299.7,309.2,1631,35.1,177.0,0,0,0,0,0,0
2750,M17609,M,299.7,309.2,1685,,179.0,1,0,0,0,0,0
2751,H32164,H,299.7,309.2,1456,,,0,0,0,0,0,0
2752,L49931,L,299.7,309.1,1417,,,0,0,0,0,0,0
2753,M17612,M,299.7,309.1,1851,24.7,189.0,0,0,0,0,0,0
2754,L49933,L,299.7,309.1,1715,27.8,192.0,0,0,0,0,0,0
2755,H32168,H,299.6,309.1,1630,,194.0,0,0,0,0,0,0
2756,L49935,L,299.7,309.2,1478,38.8,,0,0,0,0,0,0
2757,L49936,L,299.7,309.2,1781,29.6,201.0,0,0,0,0,0,0
2758,L49937,L,299.8,309.2,1439,36.1,203.0,0,0,0,0,0,0
2759,M17618,M,299.7,309.2,1412,45.3,205.0,0,0,0,0,0,0
2760,L49939,L,299.7,309.1,1483,41.1,,0,0,0,0,0,0
2761,L49940,L,299.8,309.2,1400,42.6,,0,0,0,0,0,0
2762,L49941,L,299.8,309.3,1299,,212.0,1,0,0,0,1,0
2763,L49942,L,299.8,309.2,1479,44.4,214.0,0,0,0,0,0,0
2764,L49943,L,299.8,309.2,1491,,,0,0,0,0,0,0
2765,M17624,M,299.9,309.3,1389,52.8,0.0,0,0,0,0,0,0
2766,M17625,M,299.9,309.4,1399,54.8,3.0,0,0,0,0,0,0
2767,M17626,M,299.9,309.4,1889,,6.0,0,0,0,0,0,0
2768,L49947,L,300.0,309.5,1925,21.9,,0,0,0,0,0,0
2769,L49948,L,300.0,309.5,1675,30.2,,0,0,0,0,0,0
2770,M17629,M,300.0,309.6,1477,,13.0,0,0,0,0,0,0
2771,L49950,L,300.0,309.6,1364,,,0,0,0,0,0,0
2772,L49951,L,299.9,309.5,1451,39.4,18.0,0,0,0,0,0,0
2773,L49952,L,299.9,309.4,1467,,20.0,0,0,0,0,0,0
2774,L49953,L,299.9,309.4,1858,,,0,0,0,0,0,0
2775,L49954,L,300.1,309.4,1559,39.7,,0,0,0,0,0,0
2776,L49955,L,300.1,309.4,1560,47.7,26.0,0,0,0,0,0,0
2777,L49956,L,300.1,309.4,1453,47.6,,0,0,0,0,0,0
2778,L49957,L,300.1,309.4,1464,,30.0,0,0,0,0,0,0
2779,L49958,L,300.0,309.4,1308,,32.0,0,0,0,0,0,0
2780,L49959,L,300.1,309.5,1353,50.9,,0,0,0,0,0,0
2781,M17640,M,300.2,309.6,1556,35.8,36.0,0,0,0,0,0,0
2782,L49961,L,300.2,309.5,2183,17.8,,0,0,0,0,0,0
2783,M17642,M,300.2,309.6,1491,,41.0,0,0,0,0,0,0
2784,M17643,M,300.2,309.6,1528,,44.0,0,0,0,0,0,0
2785,L49964,L,300.2,309.6,1430,52.7,47.0,0,0,0,0,0,0
2786,L49965,L,300.2,309.5,1495,,49.0,0,0,0,0,0,0
2787,M17646,M,300.2,309.5,1630,,51.0,0,0,0,0,0,0
2788,M17647,M,300.3,309.6,1524,,,0,0,0,0,0,0
2789,L49968,L,300.3,309.6,1326,,,0,0,0,0,0,0
2790,H32203,H,300.3,309.5,1438,,59.0,0,0,0,0,0,0
2791,L49970,L,300.4,309.6,1356,,,0,0,0,0,0,0
2792,H32205,H,300.4,309.6,1416,,66.0,0,0,0,0,0,0
2793,L49972,L,300.4,309.7,1584,32.6,71.0,0,0,0,0,0,0
2794,L49973,L,300.3,309.6,1597,31.8,73.0,0,0,0,0,0,0
2795,L49974,L,300.4,309.6,1553,43.9,75.0,0,0,0,0,0,0
2796,M17655,M,300.3,309.5,1405,,77.0,0,0,0,0,0,0
2797,L49976,L,300.2,309.5,1539,35.3,80.0,0,0,0,0,0,0
2798,M17657,M,300.3,309.6,1398,53.7,,0,0,0,0,0,0
2799,L49978,L,300.3,309.6,1568,,85.0,0,0,0,0,0,0
2800,L49979,L,300.3,309.6,1404,44.6,87.0,0,0,0,0,0,0
2801,M17660,M,300.2,309.5,1500,45.7,,0,0,0,0,0,0
2802,M17661,M,300.2,309.5,1642,28.8,92.0,0,0,0,0,0,0
2803,M17662,M,300.3,309.6,1509,,,0,0,0,0,0,0
2804,L49983,L,300.2,309.5,1343,,98.0,0,0,0,0,0,0
2805,L49984,L,300.1,309.5,1450,,100.0,0,0,0,0,0,0
2806,L49985,L,300.0,309.4,1460,,,0,0,0,0,0,0
2807,L49986,L,300.0,309.3,1364,,,0,0,0,0,0,0
2808,M17667,M,299.9,309.3,1452,41.9,,0,0,0,0,0,0
2809,L49988,L,299.9,309.3,1471,41.8,,0,0,0,0,0,0
2810,L49989,L,299.9,309.2,1598,,,0,0,0,0,0,0
2811,L49990,L,299.8,309.1,1772,,,0,0,0,0,0,0
2812,L49991,L,299.9,309.2,1761,,115.0,0,0,0,0,0,0
2813,M17672,M,300.0,309.3,1413,40.7,117.0,0,0,0,0,0,0
2814,L49993,L,300.0,309.3,1887,22.6,,0,0,0,0,0,0
2815,L49994,L,300.0,309.3,1395,56.5,,0,0,0,0,0,0
2816,M17675,M,300.1,309.4,1569,31.6,,0,0,0,0,0,0
2817,L49996,L,300.1,309.4,1434,47.3,127.0,0,0,0,0,0,0
2818,L49997,L,300.2,309.5,1417,41.1,,0,0,0,0,0,0
2819,L49998,L,300.2,309.5,1729,,131.0,0,0,0,0,0,0
2820,L49999,L,300.2,309.5,1356,,,0,0,0,0,0,0
2821,L50000,L,300.2,309.5,1436,48.8,,0,0,0,0,0,0
2822,M17681,M,300.3,309.6,1419,42.5,,0,0,0,0,0,0
2823,L50002,L,300.3,309.6,1593,38.1,140.0,0,0,0,0,0,0
2824,M17683,M,300.3,309.5,1320,62.2,,0,0,0,0,0,0
2825,M17684,M,300.3,309.5,1448,42.4,,0,0,0,0,0,0
2826,L50005,L,300.3,309.4,1470,33.5,148.0,0,0,0,0,0,0
2827,M17686,M,300.3,309.4,1612,33.1,150.0,0,0,0,0,0,0
2828,L50007,L,300.4,309.4,1412,,,0,0,0,0,0,0
2829,M17688,M,300.4,309.4,1875,23.9,155.0,0,0,0,0,0,0
2830,L50009,L,300.3,309.3,1612,,,0,0,0,0,0,0
2831,M17690,M,300.4,309.3,1411,41.6,160.0,0,0,0,0,0,0
2832,M17691,M,300.3,309.2,1490,,163.0,0,0,0,0,0,0
2833,M17692,M,300.4,309.3,1467,,,0,0,0,0,0,0
2834,L50013,L,300.3,309.2,1807,26.4,,0,0,0,0,0,0
2835,L50014,L,300.3,309.1,1368,46.0,171.0,0,0,0,0,0,0
2836,L50015,L,300.3,309.2,1572,32.0,173.0,0,0,0,0,0,0
2837,M17696,M,300.3,309.1,1458,,175.0,0,0,0,0,0,0
2838,L50017,L,300.3,309.1,1699,,178.0,0,0,0,0,0,0
2839,L50018,L,300.3,309.3,1478,,180.0,0,0,0,0,0,0
2840,M17699,M,300.4,309.4,1362,42.1,,0,0,0,0,0,0
2841,H32254,H,300.4,309.4,1487,38.9,,0,0,0,0,0,0
2842,L50021,L,300.3,309.4,1705,29.4,190.0,0,0,0,0,0,0
2843,L50022,L,300.3,309.3,1345,,192.0,0,0,0,0,0,0
2844,L50023,L,300.3,309.2,1532,40.2,194.0,0,0,0,0,0,0
2845,L50024,L,300.3,309.2,1650,,,0,0,0,0,0,0
2846,L50025,L,300.3,309.2,1398,54.4,198.0,0,0,0,0,0,0
2847,L50026,L,300.3,309.2,1412,44.8,200.0,0,0,0,0,0,0
2848,L50027,L,300.4,309.3,1525,39.6,202.0,0,0,0,0,0,0
2849,M17708,M,300.3,309.3,1391,57.9,,0,0,0,0,0,0
2850,L50029,L,300.4,309.3,1766,28.2,207.0,0,0,0,0,0,0
2851,L50030,L,300.4,309.3,1671,,209.0,0,0,0,0,0,0
2852,L50031,L,300.5,309.3,1373,48.8,211.0,0,0,0,0,0,0
2853,M17712,M,300.5,309.4,1347,50.1,,0,0,0,0,0,0
2854,M17713,M,300.5,309.3,1539,39.1,216.0,0,0,0,0,0,0
2855,L50034,L,300.5,309.3,1470,40.8,219.0,0,0,0,0,0,0
2856,L50035,L,300.5,309.3,1528,37.0,,0,0,0,0,0,0
2857,H32270,H,300.5,309.3,1471,45.2,,0,0,0,0,0,0
2858,M17717,M,300.4,309.2,1528,37.2,228.0,0,0,0,0,0,0
2859,L50038,L,300.5,309.3,1417,51.5,,1,0,0,0,1,0
2860,L50039,L,300.6,309.4,1549,,233.0,0,0,0,0,0,0
2861,H32274,H,300.6,309.4,1463,49.2,235.0,0,0,0,0,0,0
2862,L50041,L,300.7,309.5,1479,43.6,,0,0,0,0,0,0
2863,L50042,L,300.6,309.5,1867,23.0,242.0,0,0,0,0,0,0
2864,L50043,L,300.6,309.4,1471,,,0,0,0,0,0,0
2865,H32278,H,300.6,309.4,1380,,246.0,1,1,0,0,0,0
2866,H32279,H,300.7,309.7,1623,32.7,0.0,0,0,0,0,0,0
2867,L50046,L,300.8,309.7,1997,20.7,,0,0,0,0,0,0
2868,H32281,H,300.7,309.6,1390,48.5,7.0,0,0,0,0,0,0
2869,L50048,L,300.8,309.7,1418,46.6,12.0,0,0,0,0,0,0
2870,L50049,L,300.8,309.7,1519,35.8,,0,0,0,0,0,0
2871,M17730,M,300.8,309.7,1519,39.7,,0,0,0,0,0,0
2872,M17731,M,300.7,309.6,1536,37.2,19.0,0,0,0,0,0,0
2873,L50052,L,300.8,309.6,1680,28.7,22.0,0,0,0,0,0,0
2874,H32287,H,300.6,309.4,1555,,24.0,0,0,0,0,0,0
2875,L50054,L,300.6,309.5,1471,,,0,0,0,0,0,0
2876,M17735,M,300.5,309.4,1877,,31.0,0,0,0,0,0,0
2877,M17736,M,300.5,309.3,1578,30.5,34.0,0,0,0,0,0,0
2878,M17737,M,300.5,309.4,1655,32.1,,0,0,0,0,0,0
2879,H32292,H,300.5,309.4,1502,,,0,0,0,0,0,0
2880,M17739,M,300.6,309.4,1367,,,1,0,0,1,0,0
2881,L50060,L,300.7,309.5,1541,,48.0,0,0,0,0,0,0
2882,M17741,M,300.6,309.6,1588,37.0,,0,0,0,0,0,0
2883,L50062,L,300.6,309.6,1684,,,0,0,0,0,0,0
2884,L50063,L,300.6,309.5,1437,,55.0,0,0,0,0,0,0
2885,L50064,L,300.6,309.6,1409,,,0,0,0,0,0,0
2886,M17745,M,300.5,309.5,1320,,,0,0,0,0,0,0
2887,H32300,H,300.5,309.5,1635,,62.0,0,0,0,0,0,0
2888,M17747,M,300.5,309.5,1691,27.6,67.0,0,0,0,0,0,0
2889,M17748,M,300.6,309.6,1365,50.0,70.0,0,0,0,0,0,0
2890,M17749,M,300.7,309.7,1523,,73.0,0,0,0,0,0,0
2891,L50070,L,300.6,309.7,1593,32.4,,0,0,0,0,0,0
2892,L50071,L,300.6,309.6,1682,,78.0,0,0,0,0,0,0
2893,L50072,L,300.7,309.6,1329,54.3,,0,0,0,0,0,0
2894,M17753,M,300.7,309.6,1568,,,0,0,0,0,0,0
2895,L50074,L,300.7,309.6,1733,24.8,,0,0,0,0,0,0
2896,M17755,M,300.7,309.6,1473,48.1,,0,0,0,0,0,0
2897,M17756,M,300.7,309.5,1633,,90.0,0,0,0,0,0,0
2898,M17757,M,300.6,309.5,1530,,93.0,0,0,0,0,0,0
2899,M17758,M,300.6,309.5,1550,40.2,96.0,0,0,0,0,0,0
2900,L50079,L,300.6,309.4,1410,40.6,,0,0,0,0,0,0
2901,L50080,L,300.5,309.3,1574,,,0,0,0,0,0,0
2902,L50081,L,300.6,309.4,1425,40.3,103.0,0,0,0,0,0,0
2903,M17762,M,300.6,309.4,1541,35.2,105.0,0,0,0,0,0,0
2904,M17763,M,300.7,309.5,1733,26.7,108.0,0,0,0,0,0,0
2905,L50084,L,300.6,309.4,2496,,,0,0,0,0,0,0
2906,L50085,L,300.6,309.4,1552,36.4,113.0,0,0,0,0,0,0
2907,L50086,L,300.6,309.3,1409,38.7,,0,0,0,0,0,0
2908,M17767,M,300.6,309.4,1581,,117.0,0,0,0,0,0,0
2909,L50088,L,300.7,309.5,1251,59.9,120.0,0,0,0,0,0,0
2910,L50089,L,300.7,309.6,1500,44.1,122.0,0,0,0,0,0,0
2911,L50090,L,300.6,309.5,1576,38.8,124.0,0,0,0,0,0,0
2912,M17771,M,300.7,309.5,1352,,126.0,0,0,0,0,0,0
2913,L50092,L,300.7,309.6,1661,,,0,0,0,0,0,0
2914,L50093,L,300.7,309.6,1541,,131.0,0,0,0,0,0,0
2915,H32328,H,300.6,309.6,1888,20.5,,0,0,0,0,0,0
2916,L50095,L,300.5,309.5,1255,,,0,0,0,0,0,0
2917,L50096,L,300.6,309.6,1411,,140.0,0,0,0,0,0,0
2918,L50097,L,300.6,309.5,1516,39.0,142.0,0,0,0,0,0,0
2919,M17778,M,300.6,309.5,1492,,,0,0,0,0,0,0
2920,L50099,L,300.6,309.6,1726,,147.0,0,0,0,0,0,0
2921,L50100,L,300.7,309.7,1598,33.7,149.0,0,0,0,0,0,0
2922,L50101,L,300.8,309.8,1657,,151.0,0,0,0,0,0,0
2923,L50102,L,300.8,309.7,1481,38.1,,0,0,0,0,0,0
2924,M17783,M,300.7,309.7,1397,51.3,155.0,0,0,0,0,0,0
2925,L50104,L,300.8,309.7,1461,,158.0,0,0,0,0,0,0
2926,M17785,M,300.7,309.6,1388,,160.0,0,0,0,0,0,0
2927,L50106,L,300.7,309.7,1507,52.4,,0,0,0,0,0,0
2928,M17787,M,300.7,309.6,1421,,,0,0,0,0,0,0
2929,M17788,M,300.8,309.7,1258,,168.0,0,0,0,0,0,0
2930,M17789,M,300.8,309.7,1482,,,0,0,0,0,0,0
2931,H32344,H,300.7,309.6,1403,,174.0,0,0,0,0,0,0
2932,L50111,L,300.8,309.7,1373,45.4,,0,0,0,0,0,0
2933,L50112,L,300.9,309.7,1460,,,0,0,0,0,0,0
2934,M17793,M,300.8,309.7,1751,27.9,183.0,0,0,0,0,0,0
2935,M17794,M,300.8,309.6,1546,,186.0,0,0,0,0,0,0
2936,M17795,M,300.8,309.7,1680,28.2,189.0,0,0,0,0,0,0
2937,M17796,M,300.9,309.7,1394,48.8,192.0,0,0,0,0,0,0
2938,L50117,L,300.7,309.6,1810,26.0,,0,0,0,0,0,0
2939,L50118,L,300.7,309.5,1479,,,0,0,0,0,0,0
2940,L50119,L,300.9,309.7,1431,,,0,0,0,0,0,0
2941,L50120,L,300.9,309.7,2355,14.4,,0,0,0,0,0,0
2942,M17801,M,300.7,309.6,1996,19.8,,1,1,0,0,0,0
2943,L50122,L,300.7,309.5,1461,,,0,0,0,0,0,0
2944,H32357,H,300.7,309.5,2007,,,0,0,0,0,0,0
2945,L50124,L,300.7,309.6,1505,,,0,0,0,0,0,0
2946,H32359,H,300.7,309.6,1925,20.5,,0,0,0,0,0,0
2947,M17806,M,300.7,309.5,1622,,14.0,0,0,0,0,0,0
2948,L50127,L,300.7,309.5,1592,,17.0,0,0,0,0,0,0
2949,L50128,L,300.7,309.5,1850,24.5,,0,0,0,0,0,0
2950,M17809,M,300.7,309.5,1470,,,0,0,0,0,0,0
2951,M17810,M,300.7,309.5,1445,46.4,,0,0,0,0,0,0
2952,L50131,L,300.7,309.5,1685,31.1,27.0,0,0,0,0,0,0
2953,H32366,H,300.7,309.5,1667,30.5,29.0,0,0,0,0,0,0
2954,L50133,L,300.7,309.5,1578,,34.0,0,0,0,0,0,0
2955,H32368,H,300.6,309.4,1691,28.0,,0,0,0,0,0,0
2956,M17815,M,300.7,309.5,1439,,,0,0,0,0,0,0
2957,M17816,M,300.8,309.6,1404,38.7,44.0,0,0,0,0,0,0
2958,L50137,L,300.8,309.6,1498,,47.0,0,0,0,0,0,0
2959,M17818,M,300.8,309.5,1481,44.5,49.0,0,0,0,0,0,0
2960,M17819,M,300.7,309.4,1589,35.0,52.0,0,0,0,0,0,0
2961,L50140,L,300.7,309.5,1467,44.3,55.0,0,0,0,0,0,0
2962,L50141,L,300.6,309.4,1654,,,0,0,0,0,0,0
2963,L50142,L,300.7,309.5,1508,,59.0,0,0,0,0,0,0
2964,M17823,M,300.7,309.6,1439,43.0,,0,0,0,0,0,0
2965,L50144,L,300.7,309.5,1692,30.3,64.0,0,0,0,0,0,0
2966,M17825,M,300.7,309.5,1838,,66.0,0,0,0,0,0,0
2967,L50146,L,300.6,309.3,1601,,69.0,0,0,0,0,0,0
2968,L50147,L,300.6,309.4,1369,51.6,71.0,0,0,0,0,0,0
2969,M17828,M,300.6,309.4,1312,,73.0,0,0,0,0,0,0
2970,L50149,L,300.6,309.4,1468,,,0,0,0,0,0,0
2971,M17830,M,300.6,309.4,1452,39.4,78.0,0,0,0,0,0,0
2972,M17831,M,300.7,309.5,1393,43.9,81.0,0,0,0,0,0,0
2973,M17832,M,300.6,309.4,1432,,84.0,0,0,0,0,0,0
2974,M17833,M,300.6,309.3,1510,,87.0,0,0,0,0,0,0
2975,M17834,M,300.6,309.4,1521,,90.0,0,0,0,0,0,0
2976,H32389,H,300.5,309.4,1360,,,0,0,0,0,0,0
2977,M17836,M,300.5,309.3,1881,25.5,98.0,0,0,0,0,0,0
2978,L50157,L,300.4,309.3,1413,,,0,0,0,0,0,0
2979,H32392,H,300.5,309.4,1642,36.2,,0,0,0,0,0,0
2980,L50159,L,300.5,309.5,1542,38.5,,0,0,0,0,0,0
2981,L50160,L,300.4,309.5,1447,,,0,0,0,0,0,0
2982,H32395,H,300.4,309.4,1530,40.4,112.0,0,0,0,0,0,0
2983,L50162,L,300.5,309.5,1795,,117.0,0,0,0,0,0,0
2984,L50163,L,300.6,309.6,1290,57.4,119.0,0,0,0,0,0,0
2985,L50164,L,300.6,309.7,1639,,,0,0,0,0,0,0
2986,L50165,L,300.7,309.8,1596,,123.0,0,0,0,0,0,0
2987,L50166,L,300.6,309.8,1455,48.0,125.0,0,0,0,0,0,0
2988,M17847,M,300.6,309.8,1659,28.9,127.0,0,0,0,0,0,0
2989,M17848,M,300.6,309.8,1532,42.5,130.0,0,0,0,0,0,0
2990,L50169,L,300.6,309.8,1502,,133.0,0,0,0,0,0,0
2991,L50170,L,300.6,309.8,1688,,,0,0,0,0,0,0
2992,M17851,M,300.5,309.7,1341,50.9,137.0,0,0,0,0,0,0
2993,M17852,M,300.5,309.7,1685,29.4,140.0,0,0,0,0,0,0
2994,M17853,M,300.5,309.8,1370,,143.0,0,0,0,0,0,0
2995,L50174,L,300.5,309.8,1461,52.5,146.0,0,0,0,0,0,0
2996,L50175,L,300.5,309.8,1550,37.4,,0,0,0,0,0,0
2997,M17856,M,300.5,309.8,1508,,150.0,0,0,0,0,0,0
2998,L50177,L,300.5,309.8,1345,,153.0,0,0,0,0,0,0
2999,L50178,L,300.5,309.7,1616,34.5,155.0,0,0,0,0,0,0
3000,L50179,L,300.5,309.7,1395,61.0,157.0,0,0,0,0,0,0
